{
	"credit": "Made with Blockbench",
	"texture_size": [128, 128],
	"textures": {
		"0": "minecraft:item/crates/pet"
	},
	"elements": [
		{
			"from": [14, 0, 12],
			"to": [18, 4, 16],
			"faces": {
				"north": {"uv": [6, 7, 6.5, 7.5], "texture": "#0"},
				"east": {"uv": [3.5, 8.625, 4, 9.125], "texture": "#0"},
				"south": {"uv": [4, 8.625, 4.5, 9.125], "texture": "#0"},
				"west": {"uv": [4.5, 8.625, 5, 9.125], "texture": "#0"},
				"up": {"uv": [5.5, 9.125, 5, 8.625], "texture": "#0"},
				"down": {"uv": [6, 8.625, 5.5, 9.125], "texture": "#0"}
			}
		},
		{
			"from": [-2, 0, 12],
			"to": [2, 4, 16],
			"faces": {
				"north": {"uv": [6, 8.625, 6.5, 9.125], "texture": "#0"},
				"east": {"uv": [6.5, 8.625, 7, 9.125], "texture": "#0"},
				"south": {"uv": [8.75, 0, 9.25, 0.5], "texture": "#0"},
				"west": {"uv": [8.75, 0.5, 9.25, 1], "texture": "#0"},
				"up": {"uv": [9.25, 1.5, 8.75, 1], "texture": "#0"},
				"down": {"uv": [9.25, 1.5, 8.75, 2], "texture": "#0"}
			}
		},
		{
			"from": [14, 0, 0],
			"to": [18, 4, 4],
			"faces": {
				"north": {"uv": [8.75, 2, 9.25, 2.5], "texture": "#0"},
				"east": {"uv": [0, 9, 0.5, 9.5], "texture": "#0"},
				"south": {"uv": [0.5, 9, 1, 9.5], "texture": "#0"},
				"west": {"uv": [1, 9, 1.5, 9.5], "texture": "#0"},
				"up": {"uv": [2, 9.5, 1.5, 9], "texture": "#0"},
				"down": {"uv": [2.5, 9, 2, 9.5], "texture": "#0"}
			}
		},
		{
			"from": [-2, 0, 0],
			"to": [2, 4, 4],
			"faces": {
				"north": {"uv": [2.5, 9, 3, 9.5], "texture": "#0"},
				"east": {"uv": [3, 9, 3.5, 9.5], "texture": "#0"},
				"south": {"uv": [8.25, 9, 8.75, 9.5], "texture": "#0"},
				"west": {"uv": [9, 8.5, 9.5, 9], "texture": "#0"},
				"up": {"uv": [9.25, 9.5, 8.75, 9], "texture": "#0"},
				"down": {"uv": [4, 9.125, 3.5, 9.625], "texture": "#0"}
			}
		},
		{
			"from": [14, 6, 12],
			"to": [18, 10, 16],
			"faces": {
				"north": {"uv": [4, 9.125, 4.5, 9.625], "texture": "#0"},
				"east": {"uv": [4.5, 9.125, 5, 9.625], "texture": "#0"},
				"south": {"uv": [5, 9.125, 5.5, 9.625], "texture": "#0"},
				"west": {"uv": [5.5, 9.125, 6, 9.625], "texture": "#0"},
				"up": {"uv": [6.5, 9.625, 6, 9.125], "texture": "#0"},
				"down": {"uv": [7, 9.125, 6.5, 9.625], "texture": "#0"}
			}
		},
		{
			"from": [-2, 6, 12],
			"to": [2, 10, 16],
			"faces": {
				"north": {"uv": [7, 9.125, 7.5, 9.625], "texture": "#0"},
				"east": {"uv": [7.5, 9.125, 8, 9.625], "texture": "#0"},
				"south": {"uv": [9.25, 0, 9.75, 0.5], "texture": "#0"},
				"west": {"uv": [9.25, 0.5, 9.75, 1], "texture": "#0"},
				"up": {"uv": [9.75, 1.5, 9.25, 1], "texture": "#0"},
				"down": {"uv": [9.75, 1.5, 9.25, 2], "texture": "#0"}
			}
		},
		{
			"from": [14, 6, 0],
			"to": [18, 10, 4],
			"faces": {
				"north": {"uv": [9.25, 2, 9.75, 2.5], "texture": "#0"},
				"east": {"uv": [9.25, 3, 9.75, 3.5], "texture": "#0"},
				"south": {"uv": [9.25, 3.5, 9.75, 4], "texture": "#0"},
				"west": {"uv": [9.25, 4, 9.75, 4.5], "texture": "#0"},
				"up": {"uv": [9.75, 5, 9.25, 4.5], "texture": "#0"},
				"down": {"uv": [9.75, 5, 9.25, 5.5], "texture": "#0"}
			}
		},
		{
			"from": [-2, 6, 0],
			"to": [2, 10, 4],
			"faces": {
				"north": {"uv": [9.25, 5.5, 9.75, 6], "texture": "#0"},
				"east": {"uv": [9.25, 6, 9.75, 6.5], "texture": "#0"},
				"south": {"uv": [9.25, 9, 9.75, 9.5], "texture": "#0"},
				"west": {"uv": [0, 9.5, 0.5, 10], "texture": "#0"},
				"up": {"uv": [1, 10, 0.5, 9.5], "texture": "#0"},
				"down": {"uv": [1.5, 9.5, 1, 10], "texture": "#0"}
			}
		},
		{
			"from": [-1, 1, 1],
			"to": [17, 3, 15],
			"faces": {
				"north": {"uv": [7.5, 8, 9.75, 8.25], "texture": "#0"},
				"east": {"uv": [3.5, 8.375, 5.25, 8.625], "texture": "#0"},
				"south": {"uv": [0, 8.125, 2.25, 8.375], "texture": "#0"},
				"west": {"uv": [5.25, 8.375, 7, 8.625], "texture": "#0"},
				"up": {"uv": [2.25, 1.75, 0, 0], "texture": "#0"},
				"down": {"uv": [2.25, 1.75, 0, 3.5], "texture": "#0"}
			}
		},
		{
			"from": [-1, 7, 1],
			"to": [17, 9, 15],
			"faces": {
				"north": {"uv": [2.25, 8.125, 4.5, 8.375], "texture": "#0"},
				"east": {"uv": [8.5, 2.5, 10.25, 2.75], "texture": "#0"},
				"south": {"uv": [7.5, 8.25, 9.75, 8.5], "texture": "#0"},
				"west": {"uv": [8.5, 2.75, 10.25, 3], "texture": "#0"},
				"up": {"uv": [4.5, 1.75, 2.25, 0], "texture": "#0"},
				"down": {"uv": [4.5, 1.75, 2.25, 3.5], "texture": "#0"}
			}
		},
		{
			"from": [2, 0, 0],
			"to": [14, 1, 1],
			"faces": {
				"north": {"uv": [3, 6.75, 4.5, 6.875], "texture": "#0"},
				"east": {"uv": [10.5, 10.375, 10.625, 10.5], "texture": "#0"},
				"south": {"uv": [3, 6.875, 4.5, 7], "texture": "#0"},
				"west": {"uv": [7.125, 11, 7.25, 11.125], "texture": "#0"},
				"up": {"uv": [8.5, 5, 7, 4.875], "texture": "#0"},
				"down": {"uv": [11.25, 6.5, 9.75, 6.625], "texture": "#0"}
			}
		},
		{
			"from": [2, 9, 0],
			"to": [14, 10, 1],
			"faces": {
				"north": {"uv": [9.75, 6.625, 11.25, 6.75], "texture": "#0"},
				"east": {"uv": [8.375, 11, 8.5, 11.125], "texture": "#0"},
				"south": {"uv": [9.75, 6.75, 11.25, 6.875], "texture": "#0"},
				"west": {"uv": [8.75, 11, 8.875, 11.125], "texture": "#0"},
				"up": {"uv": [11.25, 7, 9.75, 6.875], "texture": "#0"},
				"down": {"uv": [11.25, 7, 9.75, 7.125], "texture": "#0"}
			}
		},
		{
			"from": [2, 0, 15],
			"to": [14, 1, 16],
			"faces": {
				"north": {"uv": [9.75, 7.125, 11.25, 7.25], "texture": "#0"},
				"east": {"uv": [11, 8.75, 11.125, 8.875], "texture": "#0"},
				"south": {"uv": [9.75, 7.25, 11.25, 7.375], "texture": "#0"},
				"west": {"uv": [8.875, 11, 9, 11.125], "texture": "#0"},
				"up": {"uv": [11.25, 7.5, 9.75, 7.375], "texture": "#0"},
				"down": {"uv": [11.25, 7.5, 9.75, 7.625], "texture": "#0"}
			}
		},
		{
			"from": [2, 9, 15],
			"to": [14, 10, 16],
			"faces": {
				"north": {"uv": [9.75, 7.625, 11.25, 7.75], "texture": "#0"},
				"east": {"uv": [11, 8.875, 11.125, 9], "texture": "#0"},
				"south": {"uv": [9.75, 7.75, 11.25, 7.875], "texture": "#0"},
				"west": {"uv": [9, 11, 9.125, 11.125], "texture": "#0"},
				"up": {"uv": [11.25, 8, 9.75, 7.875], "texture": "#0"},
				"down": {"uv": [11.25, 8, 9.75, 8.125], "texture": "#0"}
			}
		},
		{
			"from": [17, 0, 4],
			"to": [18, 1, 12],
			"faces": {
				"north": {"uv": [11, 9, 11.125, 9.125], "texture": "#0"},
				"east": {"uv": [0, 10.75, 1, 10.875], "texture": "#0"},
				"south": {"uv": [9.125, 11, 9.25, 11.125], "texture": "#0"},
				"west": {"uv": [10.75, 0, 11.75, 0.125], "texture": "#0"},
				"up": {"uv": [1.125, 11.75, 1, 10.75], "texture": "#0"},
				"down": {"uv": [1.25, 10.75, 1.125, 11.75], "texture": "#0"}
			}
		},
		{
			"from": [17, 9, 4],
			"to": [18, 10, 12],
			"faces": {
				"north": {"uv": [9.25, 11, 9.375, 11.125], "texture": "#0"},
				"east": {"uv": [10.75, 0.125, 11.75, 0.25], "texture": "#0"},
				"south": {"uv": [11, 9.25, 11.125, 9.375], "texture": "#0"},
				"west": {"uv": [10.75, 0.25, 11.75, 0.375], "texture": "#0"},
				"up": {"uv": [1.375, 11.75, 1.25, 10.75], "texture": "#0"},
				"down": {"uv": [1.5, 10.75, 1.375, 11.75], "texture": "#0"}
			}
		},
		{
			"from": [-2, 0, 4],
			"to": [-1, 1, 12],
			"faces": {
				"north": {"uv": [9.375, 11, 9.5, 11.125], "texture": "#0"},
				"east": {"uv": [10.75, 1.375, 11.75, 1.5], "texture": "#0"},
				"south": {"uv": [11, 9.375, 11.125, 9.5], "texture": "#0"},
				"west": {"uv": [10.75, 1.5, 11.75, 1.625], "texture": "#0"},
				"up": {"uv": [10.875, 2.625, 10.75, 1.625], "texture": "#0"},
				"down": {"uv": [2.375, 10.75, 2.25, 11.75], "texture": "#0"}
			}
		},
		{
			"from": [-2, 9, 4],
			"to": [-1, 10, 12],
			"faces": {
				"north": {"uv": [9.5, 11, 9.625, 11.125], "texture": "#0"},
				"east": {"uv": [10.75, 2.625, 11.75, 2.75], "texture": "#0"},
				"south": {"uv": [11, 9.5, 11.125, 9.625], "texture": "#0"},
				"west": {"uv": [10.75, 2.75, 11.75, 2.875], "texture": "#0"},
				"up": {"uv": [2.5, 11.75, 2.375, 10.75], "texture": "#0"},
				"down": {"uv": [2.625, 10.75, 2.5, 11.75], "texture": "#0"}
			}
		},
		{
			"from": [-1, 4, 1],
			"to": [1, 6, 3],
			"faces": {
				"north": {"uv": [0.25, 10.875, 0.5, 11.125], "texture": "#0"},
				"east": {"uv": [0.5, 10.875, 0.75, 11.125], "texture": "#0"},
				"south": {"uv": [0.75, 10.875, 1, 11.125], "texture": "#0"},
				"west": {"uv": [1.5, 10.875, 1.75, 11.125], "texture": "#0"},
				"up": {"uv": [11.125, 1.875, 10.875, 1.625], "texture": "#0"},
				"down": {"uv": [2, 10.875, 1.75, 11.125], "texture": "#0"}
			}
		},
		{
			"from": [-1, 4, 13],
			"to": [1, 6, 15],
			"faces": {
				"north": {"uv": [10.875, 1.875, 11.125, 2.125], "texture": "#0"},
				"east": {"uv": [2, 10.875, 2.25, 11.125], "texture": "#0"},
				"south": {"uv": [10.875, 2.125, 11.125, 2.375], "texture": "#0"},
				"west": {"uv": [10.875, 2.375, 11.125, 2.625], "texture": "#0"},
				"up": {"uv": [11.125, 3.625, 10.875, 3.375], "texture": "#0"},
				"down": {"uv": [11.125, 3.625, 10.875, 3.875], "texture": "#0"}
			}
		},
		{
			"from": [15, 4, 13],
			"to": [17, 6, 15],
			"faces": {
				"north": {"uv": [10.875, 3.875, 11.125, 4.125], "texture": "#0"},
				"east": {"uv": [4, 10.875, 4.25, 11.125], "texture": "#0"},
				"south": {"uv": [10.875, 4.125, 11.125, 4.375], "texture": "#0"},
				"west": {"uv": [4.25, 10.875, 4.5, 11.125], "texture": "#0"},
				"up": {"uv": [11.125, 4.625, 10.875, 4.375], "texture": "#0"},
				"down": {"uv": [4.75, 10.875, 4.5, 11.125], "texture": "#0"}
			}
		},
		{
			"from": [15, 4, 1],
			"to": [17, 6, 3],
			"faces": {
				"north": {"uv": [10.875, 4.625, 11.125, 4.875], "texture": "#0"},
				"east": {"uv": [4.75, 10.875, 5, 11.125], "texture": "#0"},
				"south": {"uv": [10.875, 4.875, 11.125, 5.125], "texture": "#0"},
				"west": {"uv": [5, 10.875, 5.25, 11.125], "texture": "#0"},
				"up": {"uv": [11.125, 5.375, 10.875, 5.125], "texture": "#0"},
				"down": {"uv": [5.5, 10.875, 5.25, 11.125], "texture": "#0"}
			}
		},
		{
			"from": [0, 3, 2],
			"to": [16, 7, 14],
			"faces": {
				"north": {"uv": [6.5, 2.5, 8.5, 3], "texture": "#0"},
				"east": {"uv": [4.5, 7.875, 6, 8.375], "texture": "#0"},
				"south": {"uv": [4.5, 6.5, 6.5, 7], "texture": "#0"},
				"west": {"uv": [6, 7.875, 7.5, 8.375], "texture": "#0"},
				"up": {"uv": [6.5, 1.5, 4.5, 0], "texture": "#0"},
				"down": {"uv": [6.5, 1.5, 4.5, 3], "texture": "#0"}
			}
		},
		{
			"from": [-1, 10, 1],
			"to": [17, 10, 15],
			"faces": {
				"north": {"uv": [0, 0, 2.25, 0], "texture": "#0"},
				"east": {"uv": [0, 0, 1.75, 0], "texture": "#0"},
				"south": {"uv": [0, 0, 2.25, 0], "texture": "#0"},
				"west": {"uv": [0, 0, 1.75, 0], "texture": "#0"},
				"up": {"uv": [2.25, 5.25, 0, 3.5], "texture": "#0"},
				"down": {"uv": [4.5, 3.5, 2.25, 5.25], "texture": "#0"}
			}
		},
		{
			"name": "hexadecagon",
			"from": [-2, 12.94034, 1.21793],
			"to": [18, 16.12293, 5.21793],
			"rotation": {"angle": 22.5, "axis": "x", "origin": [-1, 14.53164, 9.21793]},
			"faces": {
				"north": {"uv": [6.75, 5, 9.25, 5.375], "texture": "#0"},
				"east": {"uv": [9.75, 8.125, 10.25, 8.5], "texture": "#0"},
				"south": {"uv": [6.75, 5.375, 9.25, 5.75], "texture": "#0"},
				"west": {"uv": [9.75, 9, 10.25, 9.375], "texture": "#0"},
				"up": {"uv": [7, 3.5, 4.5, 3], "texture": "#0"},
				"down": {"uv": [7, 3.5, 4.5, 4], "texture": "#0"}
			}
		},
		{
			"name": "hexadecagon",
			"from": [5, 11.94034, 0.21793],
			"to": [11, 16.12293, 1.21793],
			"rotation": {"angle": 22.5, "axis": "x", "origin": [-1, 14.53164, 9.21793]},
			"faces": {
				"north": {"uv": [5.25, 7, 6, 7.5], "texture": "#0"},
				"east": {"uv": [10.875, 5.375, 11, 5.875], "texture": "#0"},
				"south": {"uv": [8.25, 8.5, 9, 9], "texture": "#0"},
				"west": {"uv": [6.25, 10.875, 6.375, 11.375], "texture": "#0"},
				"up": {"uv": [5.25, 7.875, 4.5, 7.75], "texture": "#0"},
				"down": {"uv": [9.25, 4.875, 8.5, 5], "texture": "#0"}
			}
		},
		{
			"name": "hexadecagon",
			"from": [17, 12.94034, 5.21793],
			"to": [18, 14.12293, 13.21793],
			"rotation": {"angle": 22.5, "axis": "x", "origin": [-1, 14.53164, 9.21793]},
			"faces": {
				"north": {"uv": [9.625, 11, 9.75, 11.125], "texture": "#0"},
				"east": {"uv": [10.75, 2.875, 11.75, 3], "texture": "#0"},
				"south": {"uv": [11, 9.625, 11.125, 9.75], "texture": "#0"},
				"west": {"uv": [10.75, 3, 11.75, 3.125], "texture": "#0"},
				"up": {"uv": [2.75, 11.75, 2.625, 10.75], "texture": "#0"},
				"down": {"uv": [2.875, 10.75, 2.75, 11.75], "texture": "#0"}
			}
		},
		{
			"name": "hexadecagon",
			"from": [-2, 12.94034, 5.21793],
			"to": [-1, 14.12293, 13.21793],
			"rotation": {"angle": 22.5, "axis": "x", "origin": [-1, 14.53164, 9.21793]},
			"faces": {
				"north": {"uv": [9.75, 11, 9.875, 11.125], "texture": "#0"},
				"east": {"uv": [10.75, 3.125, 11.75, 3.25], "texture": "#0"},
				"south": {"uv": [11, 9.75, 11.125, 9.875], "texture": "#0"},
				"west": {"uv": [10.75, 3.25, 11.75, 3.375], "texture": "#0"},
				"up": {"uv": [3, 11.75, 2.875, 10.75], "texture": "#0"},
				"down": {"uv": [3.125, 10.75, 3, 11.75], "texture": "#0"}
			}
		},
		{
			"name": "hexadecagon",
			"from": [-2, 12.94034, 1.21793],
			"to": [2, 16.12293, 5.21793],
			"rotation": {"angle": 45, "axis": "x", "origin": [-1, 14.53164, 9.21793]},
			"faces": {
				"north": {"uv": [0, 10, 0.5, 10.375], "texture": "#0"},
				"east": {"uv": [0.5, 10, 1, 10.375], "texture": "#0"},
				"south": {"uv": [1, 10, 1.5, 10.375], "texture": "#0"},
				"west": {"uv": [1.5, 10, 2, 10.375], "texture": "#0"},
				"up": {"uv": [2, 10, 1.5, 9.5], "texture": "#0"},
				"down": {"uv": [2.5, 9.5, 2, 10], "texture": "#0"}
			}
		},
		{
			"name": "hexadecagon",
			"from": [-2, 12.94034, 13.21793],
			"to": [2, 16.12293, 17.21793],
			"rotation": {"angle": -45, "axis": "x", "origin": [-1, 14.53164, 9.21793]},
			"faces": {
				"north": {"uv": [2, 10, 2.5, 10.375], "texture": "#0"},
				"east": {"uv": [2.5, 10, 3, 10.375], "texture": "#0"},
				"south": {"uv": [3, 10, 3.5, 10.375], "texture": "#0"},
				"west": {"uv": [8, 10, 8.5, 10.375], "texture": "#0"},
				"up": {"uv": [3, 10, 2.5, 9.5], "texture": "#0"},
				"down": {"uv": [3.5, 9.5, 3, 10], "texture": "#0"}
			}
		},
		{
			"name": "hexadecagon",
			"from": [-2, 12.94034, 13.21793],
			"to": [2, 16.12293, 17.21793],
			"rotation": {"angle": -22.5, "axis": "x", "origin": [-1, 14.53164, 9.21793]},
			"faces": {
				"north": {"uv": [8.5, 10, 9, 10.375], "texture": "#0"},
				"east": {"uv": [10, 8.5, 10.5, 8.875], "texture": "#0"},
				"south": {"uv": [9, 10, 9.5, 10.375], "texture": "#0"},
				"west": {"uv": [10, 9.375, 10.5, 9.75], "texture": "#0"},
				"up": {"uv": [8.5, 10, 8, 9.5], "texture": "#0"},
				"down": {"uv": [9, 9.5, 8.5, 10], "texture": "#0"}
			}
		},
		{
			"name": "hexadecagon",
			"from": [-2, 12.94034, 13.21793],
			"to": [2, 16.12293, 17.21793],
			"rotation": {"angle": 0, "axis": "x", "origin": [-1, 14.53164, 9.21793]},
			"faces": {
				"north": {"uv": [9.5, 10, 10, 10.375], "texture": "#0"},
				"east": {"uv": [10, 9.75, 10.5, 10.125], "texture": "#0"},
				"south": {"uv": [3.5, 10.125, 4, 10.5], "texture": "#0"},
				"west": {"uv": [4, 10.125, 4.5, 10.5], "texture": "#0"},
				"up": {"uv": [10, 9, 9.5, 8.5], "texture": "#0"},
				"down": {"uv": [9.5, 9.5, 9, 10], "texture": "#0"}
			}
		},
		{
			"name": "hexadecagon",
			"from": [-2, 12.94034, 13.21793],
			"to": [18, 16.12293, 17.21793],
			"rotation": {"angle": 22.5, "axis": "x", "origin": [-1, 14.53164, 9.21793]},
			"faces": {
				"north": {"uv": [6.75, 5.75, 9.25, 6.125], "texture": "#0"},
				"east": {"uv": [4.5, 10.125, 5, 10.5], "texture": "#0"},
				"south": {"uv": [6.75, 6.125, 9.25, 6.5], "texture": "#0"},
				"west": {"uv": [5, 10.125, 5.5, 10.5], "texture": "#0"},
				"up": {"uv": [7, 4.5, 4.5, 4], "texture": "#0"},
				"down": {"uv": [7, 4.5, 4.5, 5], "texture": "#0"}
			}
		},
		{
			"name": "hexadecagon",
			"from": [-1, 12.44034, 17.21793],
			"to": [3, 13.62293, 18.21793],
			"rotation": {"angle": 22.5, "axis": "x", "origin": [-1, 14.53164, 9.21793]},
			"faces": {
				"north": {"uv": [7, 8.375, 7.5, 8.5], "texture": "#0"},
				"east": {"uv": [9.875, 11, 10, 11.125], "texture": "#0"},
				"south": {"uv": [10.75, 8.375, 11.25, 8.5], "texture": "#0"},
				"west": {"uv": [11, 9.875, 11.125, 10], "texture": "#0"},
				"up": {"uv": [11.25, 9.25, 10.75, 9.125], "texture": "#0"},
				"down": {"uv": [11.375, 5.875, 10.875, 6], "texture": "#0"}
			}
		},
		{
			"name": "hexadecagon",
			"from": [13, 12.44034, 17.21793],
			"to": [17, 13.62293, 18.21793],
			"rotation": {"angle": 22.5, "axis": "x", "origin": [-1, 14.53164, 9.21793]},
			"faces": {
				"north": {"uv": [10.875, 6.25, 11.375, 6.375], "texture": "#0"},
				"east": {"uv": [10, 11, 10.125, 11.125], "texture": "#0"},
				"south": {"uv": [6.375, 10.875, 6.875, 11], "texture": "#0"},
				"west": {"uv": [11, 10, 11.125, 10.125], "texture": "#0"},
				"up": {"uv": [11.375, 6.5, 10.875, 6.375], "texture": "#0"},
				"down": {"uv": [8.5, 10.875, 8, 11], "texture": "#0"}
			}
		},
		{
			"name": "hexadecagon",
			"from": [-2, 18.53164, 7.62663],
			"to": [2, 22.53164, 10.80923],
			"rotation": {"angle": -22.5, "axis": "x", "origin": [-1, 14.53164, 9.21793]},
			"faces": {
				"north": {"uv": [9.5, 9.5, 10, 10], "texture": "#0"},
				"east": {"uv": [5.5, 10.125, 5.875, 10.625], "texture": "#0"},
				"south": {"uv": [3.5, 9.625, 4, 10.125], "texture": "#0"},
				"west": {"uv": [5.875, 10.125, 6.25, 10.625], "texture": "#0"},
				"up": {"uv": [6.75, 10.5, 6.25, 10.125], "texture": "#0"},
				"down": {"uv": [7.25, 10.125, 6.75, 10.5], "texture": "#0"}
			}
		},
		{
			"name": "hexadecagon",
			"from": [-2, 18.53164, 7.62663],
			"to": [2, 22.53164, 10.80923],
			"rotation": {"angle": 0, "axis": "x", "origin": [-1, 14.53164, 9.21793]},
			"faces": {
				"north": {"uv": [4, 9.625, 4.5, 10.125], "texture": "#0"},
				"east": {"uv": [7.25, 10.125, 7.625, 10.625], "texture": "#0"},
				"south": {"uv": [4.5, 9.625, 5, 10.125], "texture": "#0"},
				"west": {"uv": [7.625, 10.125, 8, 10.625], "texture": "#0"},
				"up": {"uv": [10.5, 10.5, 10, 10.125], "texture": "#0"},
				"down": {"uv": [10.75, 0, 10.25, 0.375], "texture": "#0"}
			}
		},
		{
			"name": "hexadecagon",
			"from": [-2, 18.53164, 7.62663],
			"to": [2, 22.53164, 10.80923],
			"rotation": {"angle": 22.5, "axis": "x", "origin": [-1, 14.53164, 9.21793]},
			"faces": {
				"north": {"uv": [5, 9.625, 5.5, 10.125], "texture": "#0"},
				"east": {"uv": [10.25, 0.375, 10.625, 0.875], "texture": "#0"},
				"south": {"uv": [5.5, 9.625, 6, 10.125], "texture": "#0"},
				"west": {"uv": [10.25, 0.875, 10.625, 1.375], "texture": "#0"},
				"up": {"uv": [10.75, 1.75, 10.25, 1.375], "texture": "#0"},
				"down": {"uv": [10.75, 1.75, 10.25, 2.125], "texture": "#0"}
			}
		},
		{
			"name": "hexadecagon",
			"from": [14, 12.94034, 1.21793],
			"to": [18, 16.12293, 5.21793],
			"rotation": {"angle": 45, "axis": "x", "origin": [15, 14.53164, 9.21793]},
			"faces": {
				"north": {"uv": [10.25, 2.125, 10.75, 2.5], "texture": "#0"},
				"east": {"uv": [10.25, 2.5, 10.75, 2.875], "texture": "#0"},
				"south": {"uv": [10.25, 2.875, 10.75, 3.25], "texture": "#0"},
				"west": {"uv": [10.25, 3.25, 10.75, 3.625], "texture": "#0"},
				"up": {"uv": [6.5, 10.125, 6, 9.625], "texture": "#0"},
				"down": {"uv": [7, 9.625, 6.5, 10.125], "texture": "#0"}
			}
		},
		{
			"name": "hexadecagon",
			"from": [14, 12.94034, 13.21793],
			"to": [18, 16.12293, 17.21793],
			"rotation": {"angle": -45, "axis": "x", "origin": [15, 14.53164, 9.21793]},
			"faces": {
				"north": {"uv": [10.25, 3.625, 10.75, 4], "texture": "#0"},
				"east": {"uv": [10.25, 4, 10.75, 4.375], "texture": "#0"},
				"south": {"uv": [10.25, 4.375, 10.75, 4.75], "texture": "#0"},
				"west": {"uv": [10.25, 4.75, 10.75, 5.125], "texture": "#0"},
				"up": {"uv": [7.5, 10.125, 7, 9.625], "texture": "#0"},
				"down": {"uv": [8, 9.625, 7.5, 10.125], "texture": "#0"}
			}
		},
		{
			"name": "hexadecagon",
			"from": [14, 12.94034, 13.21793],
			"to": [18, 16.12293, 17.21793],
			"rotation": {"angle": -22.5, "axis": "x", "origin": [15, 14.53164, 9.21793]},
			"faces": {
				"north": {"uv": [10.25, 5.125, 10.75, 5.5], "texture": "#0"},
				"east": {"uv": [10.25, 5.5, 10.75, 5.875], "texture": "#0"},
				"south": {"uv": [10.25, 5.875, 10.75, 6.25], "texture": "#0"},
				"west": {"uv": [10.25, 8.125, 10.75, 8.5], "texture": "#0"},
				"up": {"uv": [10.25, 0.5, 9.75, 0], "texture": "#0"},
				"down": {"uv": [10.25, 0.5, 9.75, 1], "texture": "#0"}
			}
		},
		{
			"name": "hexadecagon",
			"from": [14, 12.94034, 13.21793],
			"to": [18, 16.12293, 17.21793],
			"rotation": {"angle": 0, "axis": "x", "origin": [15, 14.53164, 9.21793]},
			"faces": {
				"north": {"uv": [10.25, 8.875, 10.75, 9.25], "texture": "#0"},
				"east": {"uv": [0, 10.375, 0.5, 10.75], "texture": "#0"},
				"south": {"uv": [0.5, 10.375, 1, 10.75], "texture": "#0"},
				"west": {"uv": [1, 10.375, 1.5, 10.75], "texture": "#0"},
				"up": {"uv": [10.25, 1.5, 9.75, 1], "texture": "#0"},
				"down": {"uv": [10.25, 1.5, 9.75, 2], "texture": "#0"}
			}
		},
		{
			"name": "hexadecagon",
			"from": [14, 18.53164, 7.62663],
			"to": [18, 22.53164, 10.80923],
			"rotation": {"angle": -22.5, "axis": "x", "origin": [15, 14.53164, 9.21793]},
			"faces": {
				"north": {"uv": [9.75, 2, 10.25, 2.5], "texture": "#0"},
				"east": {"uv": [1.5, 10.375, 1.875, 10.875], "texture": "#0"},
				"south": {"uv": [9.75, 3, 10.25, 3.5], "texture": "#0"},
				"west": {"uv": [1.875, 10.375, 2.25, 10.875], "texture": "#0"},
				"up": {"uv": [2.75, 10.75, 2.25, 10.375], "texture": "#0"},
				"down": {"uv": [3.25, 10.375, 2.75, 10.75], "texture": "#0"}
			}
		},
		{
			"name": "hexadecagon",
			"from": [14, 18.53164, 7.62663],
			"to": [18, 22.53164, 10.80923],
			"rotation": {"angle": 0, "axis": "x", "origin": [15, 14.53164, 9.21793]},
			"faces": {
				"north": {"uv": [9.75, 3.5, 10.25, 4], "texture": "#0"},
				"east": {"uv": [8, 10.375, 8.375, 10.875], "texture": "#0"},
				"south": {"uv": [9.75, 4, 10.25, 4.5], "texture": "#0"},
				"west": {"uv": [8.375, 10.375, 8.75, 10.875], "texture": "#0"},
				"up": {"uv": [9.25, 10.75, 8.75, 10.375], "texture": "#0"},
				"down": {"uv": [9.75, 10.375, 9.25, 10.75], "texture": "#0"}
			}
		},
		{
			"name": "hexadecagon",
			"from": [14, 18.53164, 7.62663],
			"to": [18, 22.53164, 10.80923],
			"rotation": {"angle": 22.5, "axis": "x", "origin": [15, 14.53164, 9.21793]},
			"faces": {
				"north": {"uv": [9.75, 4.5, 10.25, 5], "texture": "#0"},
				"east": {"uv": [3.25, 10.5, 3.625, 11], "texture": "#0"},
				"south": {"uv": [9.75, 5, 10.25, 5.5], "texture": "#0"},
				"west": {"uv": [3.625, 10.5, 4, 11], "texture": "#0"},
				"up": {"uv": [4.5, 10.875, 4, 10.5], "texture": "#0"},
				"down": {"uv": [5, 10.5, 4.5, 10.875], "texture": "#0"}
			}
		},
		{
			"name": "hexadecagon",
			"from": [-1, 12.60761, 2],
			"to": [17, 15.39239, 6],
			"rotation": {"angle": 45, "axis": "x", "origin": [3, 14, 9]},
			"faces": {
				"north": {"uv": [3, 7, 5.25, 7.375], "texture": "#0"},
				"east": {"uv": [5, 10.5, 5.5, 10.875], "texture": "#0"},
				"south": {"uv": [7, 3, 9.25, 3.375], "texture": "#0"},
				"west": {"uv": [6.25, 10.5, 6.75, 10.875], "texture": "#0"},
				"up": {"uv": [6.75, 5.5, 4.5, 5], "texture": "#0"},
				"down": {"uv": [2.25, 5.25, 0, 5.75], "texture": "#0"}
			}
		},
		{
			"name": "hexadecagon",
			"from": [-1, 12.60761, 12],
			"to": [17, 15.39239, 16],
			"rotation": {"angle": -45, "axis": "x", "origin": [3, 14, 9]},
			"faces": {
				"north": {"uv": [7, 3.375, 9.25, 3.75], "texture": "#0"},
				"east": {"uv": [6.75, 10.5, 7.25, 10.875], "texture": "#0"},
				"south": {"uv": [7, 3.75, 9.25, 4.125], "texture": "#0"},
				"west": {"uv": [10.5, 8.5, 11, 8.875], "texture": "#0"},
				"up": {"uv": [4.5, 5.75, 2.25, 5.25], "texture": "#0"},
				"down": {"uv": [6.75, 5.5, 4.5, 6], "texture": "#0"}
			}
		},
		{
			"name": "hexadecagon",
			"from": [-1, 12.60761, 12],
			"to": [17, 15.39239, 16],
			"rotation": {"angle": -22.5, "axis": "x", "origin": [3, 14, 9]},
			"faces": {
				"north": {"uv": [7, 4.125, 9.25, 4.5], "texture": "#0"},
				"east": {"uv": [10.5, 9.25, 11, 9.625], "texture": "#0"},
				"south": {"uv": [7, 4.5, 9.25, 4.875], "texture": "#0"},
				"west": {"uv": [10.5, 9.625, 11, 10], "texture": "#0"},
				"up": {"uv": [2.25, 6.25, 0, 5.75], "texture": "#0"},
				"down": {"uv": [4.5, 5.75, 2.25, 6.25], "texture": "#0"}
			}
		},
		{
			"name": "hexadecagon",
			"from": [-1, 12.60761, 12],
			"to": [17, 15.39239, 16],
			"rotation": {"angle": 0, "axis": "x", "origin": [3, 14, 9]},
			"faces": {
				"north": {"uv": [3, 7.375, 5.25, 7.75], "texture": "#0"},
				"east": {"uv": [9.75, 10.5, 10.25, 10.875], "texture": "#0"},
				"south": {"uv": [5.25, 7.5, 7.5, 7.875], "texture": "#0"},
				"west": {"uv": [10.5, 10, 11, 10.375], "texture": "#0"},
				"up": {"uv": [6.75, 6.5, 4.5, 6], "texture": "#0"},
				"down": {"uv": [2.25, 6.25, 0, 6.75], "texture": "#0"}
			}
		},
		{
			"name": "hexadecagon",
			"from": [-1, 17, 7.60761],
			"to": [17, 21, 10.39239],
			"rotation": {"angle": -22.5, "axis": "x", "origin": [3, 14, 9]},
			"faces": {
				"north": {"uv": [2.25, 6.25, 4.5, 6.75], "texture": "#0"},
				"east": {"uv": [10.25, 10.5, 10.625, 11], "texture": "#0"},
				"south": {"uv": [6.5, 0, 8.75, 0.5], "texture": "#0"},
				"west": {"uv": [10.625, 0.375, 11, 0.875], "texture": "#0"},
				"up": {"uv": [9.75, 6.875, 7.5, 6.5], "texture": "#0"},
				"down": {"uv": [9.75, 6.875, 7.5, 7.25], "texture": "#0"}
			}
		},
		{
			"name": "hexadecagon",
			"from": [-1, 17, 7.60761],
			"to": [17, 21, 10.39239],
			"rotation": {"angle": 0, "axis": "x", "origin": [3, 14, 9]},
			"faces": {
				"north": {"uv": [6.5, 0.5, 8.75, 1], "texture": "#0"},
				"east": {"uv": [10.625, 0.875, 11, 1.375], "texture": "#0"},
				"south": {"uv": [6.5, 1, 8.75, 1.5], "texture": "#0"},
				"west": {"uv": [5.5, 10.625, 5.875, 11.125], "texture": "#0"},
				"up": {"uv": [9.75, 7.625, 7.5, 7.25], "texture": "#0"},
				"down": {"uv": [9.75, 7.625, 7.5, 8], "texture": "#0"}
			}
		},
		{
			"name": "hexadecagon",
			"from": [-1, 17, 7.60761],
			"to": [17, 21, 10.39239],
			"rotation": {"angle": 22.5, "axis": "x", "origin": [3, 14, 9]},
			"faces": {
				"north": {"uv": [6.5, 1.5, 8.75, 2], "texture": "#0"},
				"east": {"uv": [5.875, 10.625, 6.25, 11.125], "texture": "#0"},
				"south": {"uv": [6.5, 2, 8.75, 2.5], "texture": "#0"},
				"west": {"uv": [7.25, 10.625, 7.625, 11.125], "texture": "#0"},
				"up": {"uv": [2.25, 8.125, 0, 7.75], "texture": "#0"},
				"down": {"uv": [4.5, 7.75, 2.25, 8.125], "texture": "#0"}
			}
		},
		{
			"name": "hexadecagon",
			"from": [-1.01, 14, 5.60761],
			"to": [-1.01, 19, 12.39239],
			"rotation": {"angle": 22.5, "axis": "x", "origin": [3, 14, 9]},
			"faces": {
				"north": {"uv": [0, 0, 0, 0.625], "texture": "#0"},
				"east": {"uv": [0, 8.375, 0.875, 9], "texture": "#0"},
				"south": {"uv": [0, 0, 0, 0.625], "texture": "#0"},
				"west": {"uv": [0.875, 8.375, 1.75, 9], "texture": "#0"},
				"up": {"uv": [0, 0.875, 0, 0], "texture": "#0"},
				"down": {"uv": [0, 0, 0, 0.875], "texture": "#0"}
			}
		},
		{
			"name": "hexadecagon",
			"from": [17, 14, 5.60761],
			"to": [17, 19, 12.39239],
			"rotation": {"angle": 22.5, "axis": "x", "origin": [3, 14, 9]},
			"faces": {
				"north": {"uv": [0, 0, 0, 0.625], "texture": "#0"},
				"east": {"uv": [1.75, 8.375, 2.625, 9], "texture": "#0"},
				"south": {"uv": [0, 0, 0, 0.625], "texture": "#0"},
				"west": {"uv": [2.625, 8.375, 3.5, 9], "texture": "#0"},
				"up": {"uv": [0, 0.875, 0, 0], "texture": "#0"},
				"down": {"uv": [0, 0, 0, 0.875], "texture": "#0"}
			}
		},
		{
			"from": [21, 1, -8],
			"to": [24, 2, -5],
			"rotation": {"angle": -45, "axis": "y", "origin": [0, 0, 0]},
			"faces": {
				"north": {"uv": [6.875, 10.875, 7.25, 11], "texture": "#0"},
				"east": {"uv": [11, 0.75, 11.375, 0.875], "texture": "#0"},
				"south": {"uv": [11, 0.875, 11.375, 1], "texture": "#0"},
				"west": {"uv": [11, 1, 11.375, 1.125], "texture": "#0"},
				"up": {"uv": [8, 11, 7.625, 10.625], "texture": "#0"},
				"down": {"uv": [11, 10.625, 10.625, 11], "texture": "#0"}
			}
		},
		{
			"from": [-2, 1, 5],
			"to": [1, 2, 8],
			"rotation": {"angle": -45, "axis": "y", "origin": [0, 0, 0]},
			"faces": {
				"north": {"uv": [6.875, 10.875, 7.25, 11], "texture": "#0"},
				"east": {"uv": [11, 0.75, 11.375, 0.875], "texture": "#0"},
				"south": {"uv": [11, 0.875, 11.375, 1], "texture": "#0"},
				"west": {"uv": [11, 1, 11.375, 1.125], "texture": "#0"},
				"up": {"uv": [8, 11, 7.625, 10.625], "texture": "#0"},
				"down": {"uv": [11, 10.625, 10.625, 11], "texture": "#0"}
			}
		},
		{
			"from": [-6, 1, -3],
			"to": [-3, 2, 0],
			"faces": {
				"north": {"uv": [11, 1, 11.375, 1.125], "texture": "#0"},
				"east": {"uv": [6.875, 10.875, 7.25, 11], "texture": "#0"},
				"south": {"uv": [11, 0.75, 11.375, 0.875], "texture": "#0"},
				"west": {"uv": [11, 0.875, 11.375, 1], "texture": "#0"},
				"up": {"uv": [8, 11, 7.625, 10.625], "rotation": 90, "texture": "#0"},
				"down": {"uv": [11, 10.625, 10.625, 11], "rotation": 270, "texture": "#0"}
			}
		},
		{
			"from": [19, 0, 14],
			"to": [22, 1, 17],
			"faces": {
				"north": {"uv": [6.875, 10.875, 7.25, 11], "texture": "#0"},
				"east": {"uv": [11, 0.75, 11.375, 0.875], "texture": "#0"},
				"south": {"uv": [11, 0.875, 11.375, 1], "texture": "#0"},
				"west": {"uv": [11, 1, 11.375, 1.125], "texture": "#0"},
				"up": {"uv": [8, 11, 7.625, 10.625], "texture": "#0"},
				"down": {"uv": [11, 10.625, 10.625, 11], "texture": "#0"}
			}
		},
		{
			"from": [11, 11, -8],
			"to": [14, 12, -5],
			"rotation": {"angle": -45, "axis": "y", "origin": [0, 0, 0]},
			"faces": {
				"north": {"uv": [6.875, 10.875, 7.25, 11], "texture": "#0"},
				"east": {"uv": [11, 0.75, 11.375, 0.875], "texture": "#0"},
				"south": {"uv": [11, 0.875, 11.375, 1], "texture": "#0"},
				"west": {"uv": [11, 1, 11.375, 1.125], "texture": "#0"},
				"up": {"uv": [8, 11, 7.625, 10.625], "texture": "#0"},
				"down": {"uv": [11, 10.625, 10.625, 11], "texture": "#0"}
			}
		},
		{
			"from": [5, 12, 10],
			"to": [8, 13, 13],
			"rotation": {"angle": 22.5, "axis": "y", "origin": [0, 0, 0]},
			"faces": {
				"north": {"uv": [11, 1, 11.375, 1.125], "texture": "#0"},
				"east": {"uv": [6.875, 10.875, 7.25, 11], "texture": "#0"},
				"south": {"uv": [11, 0.75, 11.375, 0.875], "texture": "#0"},
				"west": {"uv": [11, 0.875, 11.375, 1], "texture": "#0"},
				"up": {"uv": [8, 11, 7.625, 10.625], "rotation": 90, "texture": "#0"},
				"down": {"uv": [11, 10.625, 10.625, 11], "rotation": 270, "texture": "#0"}
			}
		},
		{
			"from": [8, 12, 5],
			"to": [11, 13, 8],
			"rotation": {"angle": -22.5, "axis": "y", "origin": [0, 0, 0]},
			"faces": {
				"north": {"uv": [6.875, 10.875, 7.25, 11], "texture": "#0"},
				"east": {"uv": [11, 0.75, 11.375, 0.875], "texture": "#0"},
				"south": {"uv": [11, 0.875, 11.375, 1], "texture": "#0"},
				"west": {"uv": [11, 1, 11.375, 1.125], "texture": "#0"},
				"up": {"uv": [8, 11, 7.625, 10.625], "texture": "#0"},
				"down": {"uv": [11, 10.625, 10.625, 11], "texture": "#0"}
			}
		},
		{
			"from": [5, 12, 3],
			"to": [8, 13, 6],
			"faces": {
				"north": {"uv": [6.875, 10.875, 7.25, 11], "texture": "#0"},
				"east": {"uv": [11, 0.75, 11.375, 0.875], "texture": "#0"},
				"south": {"uv": [11, 0.875, 11.375, 1], "texture": "#0"},
				"west": {"uv": [11, 1, 11.375, 1.125], "texture": "#0"},
				"up": {"uv": [8, 11, 7.625, 10.625], "texture": "#0"},
				"down": {"uv": [11, 10.625, 10.625, 11], "texture": "#0"}
			}
		},
		{
			"from": [4, 12, 6],
			"to": [7, 13, 9],
			"rotation": {"angle": -22.5, "axis": "y", "origin": [0, 0, 0]},
			"faces": {
				"north": {"uv": [6.875, 10.875, 7.25, 11], "texture": "#0"},
				"east": {"uv": [11, 0.75, 11.375, 0.875], "texture": "#0"},
				"south": {"uv": [11, 0.875, 11.375, 1], "texture": "#0"},
				"west": {"uv": [11, 1, 11.375, 1.125], "texture": "#0"},
				"up": {"uv": [8, 11, 7.625, 10.625], "texture": "#0"},
				"down": {"uv": [11, 10.625, 10.625, 11], "texture": "#0"}
			}
		},
		{
			"from": [12, 10, 2],
			"to": [16, 11, 6],
			"faces": {
				"north": {"uv": [9.75, 10.875, 10.25, 11], "texture": "#0"},
				"east": {"uv": [11, 0.375, 11.5, 0.5], "texture": "#0"},
				"south": {"uv": [11, 0.5, 11.5, 0.625], "texture": "#0"},
				"west": {"uv": [11, 0.625, 11.5, 0.75], "texture": "#0"},
				"up": {"uv": [10.25, 6, 9.75, 5.5], "texture": "#0"},
				"down": {"uv": [10.25, 6, 9.75, 6.5], "texture": "#0"}
			}
		},
		{
			"from": [7, 10, 8],
			"to": [11, 11, 12],
			"faces": {
				"north": {"uv": [9.75, 10.875, 10.25, 11], "texture": "#0"},
				"east": {"uv": [11, 0.375, 11.5, 0.5], "texture": "#0"},
				"south": {"uv": [11, 0.5, 11.5, 0.625], "texture": "#0"},
				"west": {"uv": [11, 0.625, 11.5, 0.75], "texture": "#0"},
				"up": {"uv": [10.25, 6, 9.75, 5.5], "texture": "#0"},
				"down": {"uv": [10.25, 6, 9.75, 6.5], "texture": "#0"}
			}
		},
		{
			"from": [7, 11, 4],
			"to": [11, 12, 8],
			"faces": {
				"north": {"uv": [9.75, 10.875, 10.25, 11], "texture": "#0"},
				"east": {"uv": [11, 0.375, 11.5, 0.5], "texture": "#0"},
				"south": {"uv": [11, 0.5, 11.5, 0.625], "texture": "#0"},
				"west": {"uv": [11, 0.625, 11.5, 0.75], "texture": "#0"},
				"up": {"uv": [10.25, 6, 9.75, 5.5], "texture": "#0"},
				"down": {"uv": [10.25, 6, 9.75, 6.5], "texture": "#0"}
			}
		},
		{
			"from": [-7, 0, 2],
			"to": [-3, 1, 6],
			"faces": {
				"north": {"uv": [9.75, 10.875, 10.25, 11], "texture": "#0"},
				"east": {"uv": [11, 0.375, 11.5, 0.5], "texture": "#0"},
				"south": {"uv": [11, 0.5, 11.5, 0.625], "texture": "#0"},
				"west": {"uv": [11, 0.625, 11.5, 0.75], "texture": "#0"},
				"up": {"uv": [10.25, 6, 9.75, 5.5], "texture": "#0"},
				"down": {"uv": [10.25, 6, 9.75, 6.5], "texture": "#0"}
			}
		},
		{
			"from": [-7, 0, -2],
			"to": [-3, 1, 2],
			"rotation": {"angle": -22.5, "axis": "y", "origin": [0, 0, 0]},
			"faces": {
				"north": {"uv": [9.75, 10.875, 10.25, 11], "texture": "#0"},
				"east": {"uv": [11, 0.375, 11.5, 0.5], "texture": "#0"},
				"south": {"uv": [11, 0.5, 11.5, 0.625], "texture": "#0"},
				"west": {"uv": [11, 0.625, 11.5, 0.75], "texture": "#0"},
				"up": {"uv": [10.25, 6, 9.75, 5.5], "texture": "#0"},
				"down": {"uv": [10.25, 6, 9.75, 6.5], "texture": "#0"}
			}
		},
		{
			"from": [18, 0, 9],
			"to": [22, 1, 13],
			"faces": {
				"north": {"uv": [9.75, 10.875, 10.25, 11], "texture": "#0"},
				"east": {"uv": [11, 0.375, 11.5, 0.5], "texture": "#0"},
				"south": {"uv": [11, 0.5, 11.5, 0.625], "texture": "#0"},
				"west": {"uv": [11, 0.625, 11.5, 0.75], "texture": "#0"},
				"up": {"uv": [10.25, 6, 9.75, 5.5], "texture": "#0"},
				"down": {"uv": [10.25, 6, 9.75, 6.5], "texture": "#0"}
			}
		},
		{
			"from": [21, 0, 9],
			"to": [25, 1, 13],
			"rotation": {"angle": -22.5, "axis": "y", "origin": [0, 0, 0]},
			"faces": {
				"north": {"uv": [9.75, 10.875, 10.25, 11], "texture": "#0"},
				"east": {"uv": [11, 0.375, 11.5, 0.5], "texture": "#0"},
				"south": {"uv": [11, 0.5, 11.5, 0.625], "texture": "#0"},
				"west": {"uv": [11, 0.625, 11.5, 0.75], "texture": "#0"},
				"up": {"uv": [10.25, 6, 9.75, 5.5], "texture": "#0"},
				"down": {"uv": [10.25, 6, 9.75, 6.5], "texture": "#0"}
			}
		},
		{
			"from": [-2, 10, 9],
			"to": [2, 11, 13],
			"faces": {
				"north": {"uv": [9.75, 10.875, 10.25, 11], "texture": "#0"},
				"east": {"uv": [11, 0.375, 11.5, 0.5], "texture": "#0"},
				"south": {"uv": [11, 0.5, 11.5, 0.625], "texture": "#0"},
				"west": {"uv": [11, 0.625, 11.5, 0.75], "texture": "#0"},
				"up": {"uv": [10.25, 6, 9.75, 5.5], "texture": "#0"},
				"down": {"uv": [10.25, 6, 9.75, 6.5], "texture": "#0"}
			}
		},
		{
			"from": [7, 10, 12],
			"to": [11, 11, 16],
			"rotation": {"angle": 22.5, "axis": "y", "origin": [0, 0, 0]},
			"faces": {
				"north": {"uv": [9.75, 10.875, 10.25, 11], "texture": "#0"},
				"east": {"uv": [11, 0.375, 11.5, 0.5], "texture": "#0"},
				"south": {"uv": [11, 0.5, 11.5, 0.625], "texture": "#0"},
				"west": {"uv": [11, 0.625, 11.5, 0.75], "texture": "#0"},
				"up": {"uv": [10.25, 6, 9.75, 5.5], "texture": "#0"},
				"down": {"uv": [10.25, 6, 9.75, 6.5], "texture": "#0"}
			}
		},
		{
			"from": [-4, 10, 5],
			"to": [0, 11, 9],
			"rotation": {"angle": 45, "axis": "y", "origin": [0, 0, 0]},
			"faces": {
				"north": {"uv": [9.75, 10.875, 10.25, 11], "texture": "#0"},
				"east": {"uv": [11, 0.375, 11.5, 0.5], "texture": "#0"},
				"south": {"uv": [11, 0.5, 11.5, 0.625], "texture": "#0"},
				"west": {"uv": [11, 0.625, 11.5, 0.75], "texture": "#0"},
				"up": {"uv": [10.25, 6, 9.75, 5.5], "texture": "#0"},
				"down": {"uv": [10.25, 6, 9.75, 6.5], "texture": "#0"}
			}
		},
		{
			"from": [8, 10, -1],
			"to": [12, 11, 3],
			"rotation": {"angle": -22.5, "axis": "y", "origin": [0, 0, 0]},
			"faces": {
				"north": {"uv": [9.75, 10.875, 10.25, 11], "texture": "#0"},
				"east": {"uv": [11, 0.375, 11.5, 0.5], "texture": "#0"},
				"south": {"uv": [11, 0.5, 11.5, 0.625], "texture": "#0"},
				"west": {"uv": [11, 0.625, 11.5, 0.75], "texture": "#0"},
				"up": {"uv": [10.25, 6, 9.75, 5.5], "texture": "#0"},
				"down": {"uv": [10.25, 6, 9.75, 6.5], "texture": "#0"}
			}
		},
		{
			"from": [14, 11, 1],
			"to": [18, 12, 5],
			"rotation": {"angle": -22.5, "axis": "y", "origin": [0, 0, 0]},
			"faces": {
				"north": {"uv": [9.75, 10.875, 10.25, 11], "texture": "#0"},
				"east": {"uv": [11, 0.375, 11.5, 0.5], "texture": "#0"},
				"south": {"uv": [11, 0.5, 11.5, 0.625], "texture": "#0"},
				"west": {"uv": [11, 0.625, 11.5, 0.75], "texture": "#0"},
				"up": {"uv": [10.25, 6, 9.75, 5.5], "texture": "#0"},
				"down": {"uv": [10.25, 6, 9.75, 6.5], "texture": "#0"}
			}
		},
		{
			"from": [4, 11, 1],
			"to": [8, 12, 5],
			"rotation": {"angle": -22.5, "axis": "y", "origin": [0, 0, 0]},
			"faces": {
				"north": {"uv": [9.75, 10.875, 10.25, 11], "texture": "#0"},
				"east": {"uv": [11, 0.375, 11.5, 0.5], "texture": "#0"},
				"south": {"uv": [11, 0.5, 11.5, 0.625], "texture": "#0"},
				"west": {"uv": [11, 0.625, 11.5, 0.75], "texture": "#0"},
				"up": {"uv": [10.25, 6, 9.75, 5.5], "texture": "#0"},
				"down": {"uv": [10.25, 6, 9.75, 6.5], "texture": "#0"}
			}
		},
		{
			"from": [7, 10, 8],
			"to": [11, 11, 12],
			"rotation": {"angle": -22.5, "axis": "y", "origin": [0, 0, 0]},
			"faces": {
				"north": {"uv": [9.75, 10.875, 10.25, 11], "texture": "#0"},
				"east": {"uv": [11, 0.375, 11.5, 0.5], "texture": "#0"},
				"south": {"uv": [11, 0.5, 11.5, 0.625], "texture": "#0"},
				"west": {"uv": [11, 0.625, 11.5, 0.75], "texture": "#0"},
				"up": {"uv": [10.25, 6, 9.75, 5.5], "texture": "#0"},
				"down": {"uv": [10.25, 6, 9.75, 6.5], "texture": "#0"}
			}
		},
		{
			"from": [5, 11, 6],
			"to": [9, 12, 10],
			"rotation": {"angle": -22.5, "axis": "y", "origin": [0, 0, 0]},
			"faces": {
				"north": {"uv": [9.75, 10.875, 10.25, 11], "texture": "#0"},
				"east": {"uv": [11, 0.375, 11.5, 0.5], "texture": "#0"},
				"south": {"uv": [11, 0.5, 11.5, 0.625], "texture": "#0"},
				"west": {"uv": [11, 0.625, 11.5, 0.75], "texture": "#0"},
				"up": {"uv": [10.25, 6, 9.75, 5.5], "texture": "#0"},
				"down": {"uv": [10.25, 6, 9.75, 6.5], "texture": "#0"}
			}
		},
		{
			"from": [14, 0, -10],
			"to": [19, 1, -8],
			"rotation": {"angle": -22.5, "axis": "y", "origin": [0, 0, 0]},
			"faces": {
				"north": {"uv": [10.75, 6, 11.375, 6.125], "texture": "#0"},
				"east": {"uv": [3.25, 10.375, 3.5, 10.5], "texture": "#0"},
				"south": {"uv": [10.75, 6.125, 11.375, 6.25], "texture": "#0"},
				"west": {"uv": [9.75, 10.375, 10, 10.5], "texture": "#0"},
				"up": {"uv": [10.875, 6.5, 10.25, 6.25], "texture": "#0"},
				"down": {"uv": [11.25, 10.375, 10.625, 10.625], "texture": "#0"}
			}
		},
		{
			"from": [19, 0, -8.5],
			"to": [21, 1, -6.5],
			"rotation": {"angle": -22.5, "axis": "y", "origin": [0, 0, 0]},
			"faces": {
				"north": {"uv": [11, 5.625, 11.25, 5.75], "texture": "#0"},
				"east": {"uv": [11, 5.75, 11.25, 5.875], "texture": "#0"},
				"south": {"uv": [6.375, 11, 6.625, 11.125], "texture": "#0"},
				"west": {"uv": [6.625, 11, 6.875, 11.125], "texture": "#0"},
				"up": {"uv": [9, 11, 8.75, 10.75], "texture": "#0"},
				"down": {"uv": [11, 8.875, 10.75, 9.125], "texture": "#0"}
			}
		},
		{
			"from": [12, 0, -8.5],
			"to": [14, 1, -6.5],
			"rotation": {"angle": -22.5, "axis": "y", "origin": [0, 0, 0]},
			"faces": {
				"north": {"uv": [6.875, 11, 7.125, 11.125], "texture": "#0"},
				"east": {"uv": [7.625, 11, 7.875, 11.125], "texture": "#0"},
				"south": {"uv": [7.875, 11, 8.125, 11.125], "texture": "#0"},
				"west": {"uv": [8.125, 11, 8.375, 11.125], "texture": "#0"},
				"up": {"uv": [9.25, 11, 9, 10.75], "texture": "#0"},
				"down": {"uv": [9.5, 10.75, 9.25, 11], "texture": "#0"}
			}
		},
		{
			"from": [19, 0, -11.5],
			"to": [21, 1, -9.5],
			"rotation": {"angle": -22.5, "axis": "y", "origin": [0, 0, 0]},
			"faces": {
				"north": {"uv": [11, 8.125, 11.25, 8.25], "texture": "#0"},
				"east": {"uv": [11, 8.25, 11.25, 8.375], "texture": "#0"},
				"south": {"uv": [11, 8.5, 11.25, 8.625], "texture": "#0"},
				"west": {"uv": [11, 8.625, 11.25, 8.75], "texture": "#0"},
				"up": {"uv": [9.75, 11, 9.5, 10.75], "texture": "#0"},
				"down": {"uv": [0.25, 10.875, 0, 11.125], "texture": "#0"}
			}
		},
		{
			"from": [12, 0, -11.5],
			"to": [14, 1, -9.5],
			"rotation": {"angle": -22.5, "axis": "y", "origin": [0, 0, 0]},
			"faces": {
				"north": {"uv": [8, 9.375, 8.25, 9.5], "texture": "#0"},
				"east": {"uv": [9.75, 9.375, 10, 9.5], "texture": "#0"},
				"south": {"uv": [10, 8.875, 10.25, 9], "texture": "#0"},
				"west": {"uv": [10.25, 9.25, 10.5, 9.375], "texture": "#0"},
				"up": {"uv": [8.25, 9.375, 8, 9.125], "texture": "#0"},
				"down": {"uv": [11, 8.125, 10.75, 8.375], "texture": "#0"}
			}
		},
		{
			"from": [-6, 0, 12],
			"to": [-5, 5, 14],
			"rotation": {"angle": -22.5, "axis": "z", "origin": [0, 0, 0]},
			"faces": {
				"north": {"uv": [10.75, 6, 11.375, 6.125], "rotation": 90, "texture": "#0"},
				"east": {"uv": [11.25, 10.375, 10.625, 10.625], "rotation": 270, "texture": "#0"},
				"south": {"uv": [10.75, 6.125, 11.375, 6.25], "rotation": 270, "texture": "#0"},
				"west": {"uv": [10.875, 6.5, 10.25, 6.25], "rotation": 270, "texture": "#0"},
				"up": {"uv": [3.25, 10.375, 3.5, 10.5], "rotation": 270, "texture": "#0"},
				"down": {"uv": [9.75, 10.375, 10, 10.5], "rotation": 270, "texture": "#0"}
			}
		},
		{
			"from": [-6, 5, 13.5],
			"to": [-5, 7, 15.5],
			"rotation": {"angle": -22.5, "axis": "z", "origin": [0, 0, 0]},
			"faces": {
				"north": {"uv": [11, 5.625, 11.25, 5.75], "rotation": 90, "texture": "#0"},
				"east": {"uv": [11, 8.875, 10.75, 9.125], "rotation": 270, "texture": "#0"},
				"south": {"uv": [6.375, 11, 6.625, 11.125], "rotation": 270, "texture": "#0"},
				"west": {"uv": [9, 11, 8.75, 10.75], "rotation": 270, "texture": "#0"},
				"up": {"uv": [11, 5.75, 11.25, 5.875], "rotation": 270, "texture": "#0"},
				"down": {"uv": [6.625, 11, 6.875, 11.125], "rotation": 270, "texture": "#0"}
			}
		},
		{
			"from": [-6, -2, 13.5],
			"to": [-5, 0, 15.5],
			"rotation": {"angle": -22.5, "axis": "z", "origin": [0, 0, 0]},
			"faces": {
				"north": {"uv": [6.875, 11, 7.125, 11.125], "rotation": 90, "texture": "#0"},
				"east": {"uv": [9.5, 10.75, 9.25, 11], "rotation": 270, "texture": "#0"},
				"south": {"uv": [7.875, 11, 8.125, 11.125], "rotation": 270, "texture": "#0"},
				"west": {"uv": [9.25, 11, 9, 10.75], "rotation": 270, "texture": "#0"},
				"up": {"uv": [7.625, 11, 7.875, 11.125], "rotation": 270, "texture": "#0"},
				"down": {"uv": [8.125, 11, 8.375, 11.125], "rotation": 270, "texture": "#0"}
			}
		},
		{
			"from": [-6, 5, 10.5],
			"to": [-5, 7, 12.5],
			"rotation": {"angle": -22.5, "axis": "z", "origin": [0, 0, 0]},
			"faces": {
				"north": {"uv": [11, 8.125, 11.25, 8.25], "rotation": 90, "texture": "#0"},
				"east": {"uv": [0.25, 10.875, 0, 11.125], "rotation": 270, "texture": "#0"},
				"south": {"uv": [11, 8.5, 11.25, 8.625], "rotation": 270, "texture": "#0"},
				"west": {"uv": [9.75, 11, 9.5, 10.75], "rotation": 270, "texture": "#0"},
				"up": {"uv": [11, 8.25, 11.25, 8.375], "rotation": 270, "texture": "#0"},
				"down": {"uv": [11, 8.625, 11.25, 8.75], "rotation": 270, "texture": "#0"}
			}
		},
		{
			"from": [-6, -2, 10.5],
			"to": [-5, 0, 12.5],
			"rotation": {"angle": -22.5, "axis": "z", "origin": [0, 0, 0]},
			"faces": {
				"north": {"uv": [8, 9.375, 8.25, 9.5], "rotation": 90, "texture": "#0"},
				"east": {"uv": [11, 8.125, 10.75, 8.375], "rotation": 270, "texture": "#0"},
				"south": {"uv": [10, 8.875, 10.25, 9], "rotation": 270, "texture": "#0"},
				"west": {"uv": [8.25, 9.375, 8, 9.125], "rotation": 270, "texture": "#0"},
				"up": {"uv": [9.75, 9.375, 10, 9.5], "rotation": 270, "texture": "#0"},
				"down": {"uv": [10.25, 9.25, 10.5, 9.375], "rotation": 270, "texture": "#0"}
			}
		},
		{
			"from": [-4, 10, 2],
			"to": [1, 11, 4],
			"rotation": {"angle": 45, "axis": "y", "origin": [0, 0, 0]},
			"faces": {
				"north": {"uv": [10.75, 6, 11.375, 6.125], "texture": "#0"},
				"east": {"uv": [3.25, 10.375, 3.5, 10.5], "texture": "#0"},
				"south": {"uv": [10.75, 6.125, 11.375, 6.25], "texture": "#0"},
				"west": {"uv": [9.75, 10.375, 10, 10.5], "texture": "#0"},
				"up": {"uv": [10.875, 6.5, 10.25, 6.25], "texture": "#0"},
				"down": {"uv": [11.25, 10.375, 10.625, 10.625], "texture": "#0"}
			}
		},
		{
			"from": [1, 10, 3.5],
			"to": [3, 11, 5.5],
			"rotation": {"angle": 45, "axis": "y", "origin": [0, 0, 0]},
			"faces": {
				"north": {"uv": [11, 5.625, 11.25, 5.75], "texture": "#0"},
				"east": {"uv": [11, 5.75, 11.25, 5.875], "texture": "#0"},
				"south": {"uv": [6.375, 11, 6.625, 11.125], "texture": "#0"},
				"west": {"uv": [6.625, 11, 6.875, 11.125], "texture": "#0"},
				"up": {"uv": [9, 11, 8.75, 10.75], "texture": "#0"},
				"down": {"uv": [11, 8.875, 10.75, 9.125], "texture": "#0"}
			}
		},
		{
			"from": [-6, 10, 3.5],
			"to": [-4, 11, 5.5],
			"rotation": {"angle": 45, "axis": "y", "origin": [0, 0, 0]},
			"faces": {
				"north": {"uv": [6.875, 11, 7.125, 11.125], "texture": "#0"},
				"east": {"uv": [7.625, 11, 7.875, 11.125], "texture": "#0"},
				"south": {"uv": [7.875, 11, 8.125, 11.125], "texture": "#0"},
				"west": {"uv": [8.125, 11, 8.375, 11.125], "texture": "#0"},
				"up": {"uv": [9.25, 11, 9, 10.75], "texture": "#0"},
				"down": {"uv": [9.5, 10.75, 9.25, 11], "texture": "#0"}
			}
		},
		{
			"from": [1, 10, 0.5],
			"to": [3, 11, 2.5],
			"rotation": {"angle": 45, "axis": "y", "origin": [0, 0, 0]},
			"faces": {
				"north": {"uv": [11, 8.125, 11.25, 8.25], "texture": "#0"},
				"east": {"uv": [11, 8.25, 11.25, 8.375], "texture": "#0"},
				"south": {"uv": [11, 8.5, 11.25, 8.625], "texture": "#0"},
				"west": {"uv": [11, 8.625, 11.25, 8.75], "texture": "#0"},
				"up": {"uv": [9.75, 11, 9.5, 10.75], "texture": "#0"},
				"down": {"uv": [0.25, 10.875, 0, 11.125], "texture": "#0"}
			}
		},
		{
			"from": [-6, 10, 0.5],
			"to": [-4, 11, 2.5],
			"rotation": {"angle": 45, "axis": "y", "origin": [0, 0, 0]},
			"faces": {
				"north": {"uv": [8, 9.375, 8.25, 9.5], "texture": "#0"},
				"east": {"uv": [9.75, 9.375, 10, 9.5], "texture": "#0"},
				"south": {"uv": [10, 8.875, 10.25, 9], "texture": "#0"},
				"west": {"uv": [10.25, 9.25, 10.5, 9.375], "texture": "#0"},
				"up": {"uv": [8.25, 9.375, 8, 9.125], "texture": "#0"},
				"down": {"uv": [11, 8.125, 10.75, 8.375], "texture": "#0"}
			}
		},
		{
			"from": [3, 21, 5],
			"to": [3, 29, 13],
			"rotation": {"angle": 45, "axis": "y", "origin": [3, 8, 9]},
			"faces": {
				"north": {"uv": [0, 0, 0, 1], "texture": "#0"},
				"east": {"uv": [6.5, 6.5, 7.5, 7.5], "texture": "#0"},
				"south": {"uv": [0, 0, 0, 1], "texture": "#0"},
				"west": {"uv": [0, 6.75, 1, 7.75], "texture": "#0"},
				"up": {"uv": [0, 1, 0, 0], "texture": "#0"},
				"down": {"uv": [0, 0, 0, 1], "texture": "#0"}
			}
		},
		{
			"from": [3, 21, 5],
			"to": [3, 29, 13],
			"rotation": {"angle": -45, "axis": "y", "origin": [3, 8, 9]},
			"faces": {
				"north": {"uv": [0, 0, 0, 1], "texture": "#0"},
				"east": {"uv": [6.5, 6.5, 7.5, 7.5], "texture": "#0"},
				"south": {"uv": [0, 0, 0, 1], "texture": "#0"},
				"west": {"uv": [0, 6.75, 1, 7.75], "texture": "#0"},
				"up": {"uv": [0, 1, 0, 0], "texture": "#0"},
				"down": {"uv": [0, 0, 0, 1], "texture": "#0"}
			}
		},
		{
			"from": [8, 13, 9],
			"to": [9, 20, 10],
			"rotation": {"angle": -45, "axis": "z", "origin": [0, 0, 0]},
			"faces": {
				"north": {"uv": [3.125, 10.75, 3.25, 11.625], "texture": "#0"},
				"east": {"uv": [10.75, 3.375, 10.875, 4.25], "texture": "#0"},
				"south": {"uv": [10.75, 4.25, 10.875, 5.125], "texture": "#0"},
				"west": {"uv": [10.75, 5.125, 10.875, 6], "texture": "#0"},
				"up": {"uv": [10.25, 11.125, 10.125, 11], "texture": "#0"},
				"down": {"uv": [11.125, 10.125, 11, 10.25], "texture": "#0"}
			}
		},
		{
			"from": [19.5061, 7.77817, 9],
			"to": [20.5061, 10.77817, 10],
			"rotation": {"angle": 0, "axis": "z", "origin": [-1.4939, -6.22183, 0]},
			"faces": {
				"north": {"uv": [8.5, 10.875, 8.625, 11.25], "texture": "#0"},
				"east": {"uv": [8.625, 10.875, 8.75, 11.25], "texture": "#0"},
				"south": {"uv": [3.25, 11, 3.375, 11.375], "texture": "#0"},
				"west": {"uv": [3.375, 11, 3.5, 11.375], "texture": "#0"},
				"up": {"uv": [10.375, 11.125, 10.25, 11], "texture": "#0"},
				"down": {"uv": [11.125, 10.25, 11, 10.375], "texture": "#0"}
			}
		},
		{
			"from": [19.5061, 8.01703, 15.11877],
			"to": [20.5061, 11.01703, 16.11877],
			"rotation": {"angle": -22.5, "axis": "x", "origin": [-1.4939, -5.98297, 6.11877]},
			"faces": {
				"north": {"uv": [3.5, 11, 3.625, 11.375], "texture": "#0"},
				"east": {"uv": [3.625, 11, 3.75, 11.375], "texture": "#0"},
				"south": {"uv": [3.75, 11, 3.875, 11.375], "texture": "#0"},
				"west": {"uv": [3.875, 11, 4, 11.375], "texture": "#0"},
				"up": {"uv": [10.5, 11.125, 10.375, 11], "texture": "#0"},
				"down": {"uv": [10.625, 11, 10.5, 11.125], "texture": "#0"}
			}
		},
		{
			"from": [20.5061, 9.01703, 15.11877],
			"to": [23.5061, 10.01703, 16.11877],
			"rotation": {"angle": -22.5, "axis": "x", "origin": [-1.4939, -5.98297, 6.11877]},
			"faces": {
				"north": {"uv": [11, 1.125, 11.375, 1.25], "texture": "#0"},
				"east": {"uv": [10.625, 11, 10.75, 11.125], "texture": "#0"},
				"south": {"uv": [11, 1.25, 11.375, 1.375], "texture": "#0"},
				"west": {"uv": [11, 10.625, 11.125, 10.75], "texture": "#0"},
				"up": {"uv": [11.375, 5.5, 11, 5.375], "texture": "#0"},
				"down": {"uv": [11.375, 5.5, 11, 5.625], "texture": "#0"}
			}
		},
		{
			"from": [21.5061, 9.01703, -0.88123],
			"to": [21.5061, 14.01703, 4.11877],
			"rotation": {"angle": 22.5, "axis": "x", "origin": [-1.4939, -5.98297, 6.11877]},
			"faces": {
				"north": {"uv": [0, 0, 0, 0.625], "texture": "#0"},
				"east": {"uv": [7, 8.5, 7.625, 9.125], "texture": "#0"},
				"south": {"uv": [0, 0, 0, 0.625], "texture": "#0"},
				"west": {"uv": [7.625, 8.5, 8.25, 9.125], "texture": "#0"},
				"up": {"uv": [0, 0.625, 0, 0], "texture": "#0"},
				"down": {"uv": [0, 0, 0, 0.625], "texture": "#0"}
			}
		},
		{
			"from": [8, 13, 5],
			"to": [9, 20, 6],
			"rotation": {"angle": -45, "axis": "z", "origin": [0, 0, -4]},
			"faces": {
				"north": {"uv": [3.125, 10.75, 3.25, 11.625], "texture": "#0"},
				"east": {"uv": [10.75, 3.375, 10.875, 4.25], "texture": "#0"},
				"south": {"uv": [10.75, 4.25, 10.875, 5.125], "texture": "#0"},
				"west": {"uv": [10.75, 5.125, 10.875, 6], "texture": "#0"},
				"up": {"uv": [10.25, 11.125, 10.125, 11], "texture": "#0"},
				"down": {"uv": [11.125, 10.125, 11, 10.25], "texture": "#0"}
			}
		},
		{
			"from": [19.5061, 7.77817, 5],
			"to": [20.5061, 10.77817, 6],
			"rotation": {"angle": 0, "axis": "z", "origin": [-1.4939, -6.22183, -4]},
			"faces": {
				"north": {"uv": [8.5, 10.875, 8.625, 11.25], "texture": "#0"},
				"east": {"uv": [8.625, 10.875, 8.75, 11.25], "texture": "#0"},
				"south": {"uv": [3.25, 11, 3.375, 11.375], "texture": "#0"},
				"west": {"uv": [3.375, 11, 3.5, 11.375], "texture": "#0"},
				"up": {"uv": [10.375, 11.125, 10.25, 11], "texture": "#0"},
				"down": {"uv": [11.125, 10.25, 11, 10.375], "texture": "#0"}
			}
		},
		{
			"from": [19.5061, 8.01703, 11.11877],
			"to": [20.5061, 11.01703, 12.11877],
			"rotation": {"angle": -22.5, "axis": "x", "origin": [-1.4939, -5.98297, 2.11877]},
			"faces": {
				"north": {"uv": [3.5, 11, 3.625, 11.375], "texture": "#0"},
				"east": {"uv": [3.625, 11, 3.75, 11.375], "texture": "#0"},
				"south": {"uv": [3.75, 11, 3.875, 11.375], "texture": "#0"},
				"west": {"uv": [3.875, 11, 4, 11.375], "texture": "#0"},
				"up": {"uv": [10.5, 11.125, 10.375, 11], "texture": "#0"},
				"down": {"uv": [10.625, 11, 10.5, 11.125], "texture": "#0"}
			}
		},
		{
			"from": [20.5061, 9.01703, 11.11877],
			"to": [23.5061, 10.01703, 12.11877],
			"rotation": {"angle": -22.5, "axis": "x", "origin": [-1.4939, -5.98297, 2.11877]},
			"faces": {
				"north": {"uv": [11, 1.125, 11.375, 1.25], "texture": "#0"},
				"east": {"uv": [10.625, 11, 10.75, 11.125], "texture": "#0"},
				"south": {"uv": [11, 1.25, 11.375, 1.375], "texture": "#0"},
				"west": {"uv": [11, 10.625, 11.125, 10.75], "texture": "#0"},
				"up": {"uv": [11.375, 5.5, 11, 5.375], "texture": "#0"},
				"down": {"uv": [11.375, 5.5, 11, 5.625], "texture": "#0"}
			}
		},
		{
			"from": [22.5061, 6.01703, 9.11877],
			"to": [22.5061, 11.01703, 14.11877],
			"rotation": {"angle": -22.5, "axis": "x", "origin": [-1.4939, -5.98297, 2.11877]},
			"faces": {
				"north": {"uv": [0, 0, 0, 0.625], "texture": "#0"},
				"east": {"uv": [7, 8.5, 7.625, 9.125], "texture": "#0"},
				"south": {"uv": [0, 0, 0, 0.625], "texture": "#0"},
				"west": {"uv": [7.625, 8.5, 8.25, 9.125], "texture": "#0"},
				"up": {"uv": [0, 0.625, 0, 0], "texture": "#0"},
				"down": {"uv": [0, 0, 0, 0.625], "texture": "#0"}
			}
		},
		{
			"from": [23.5061, -13.8, 3],
			"to": [23.5061, -8.8, 8],
			"rotation": {"angle": 45, "axis": "z", "origin": [-1.4939, -5.98297, 2.11877]},
			"faces": {
				"north": {"uv": [0, 0, 0, 0.625], "texture": "#0"},
				"east": {"uv": [7, 8.5, 7.625, 9.125], "texture": "#0"},
				"south": {"uv": [0, 0, 0, 0.625], "texture": "#0"},
				"west": {"uv": [7.625, 8.5, 8.25, 9.125], "texture": "#0"},
				"up": {"uv": [0, 0.625, 0, 0], "texture": "#0"},
				"down": {"uv": [0, 0, 0, 0.625], "texture": "#0"}
			}
		},
		{
			"from": [18.5061, 10.01703, 13.11877],
			"to": [18.5061, 15.01703, 18.11877],
			"rotation": {"angle": 22.5, "axis": "y", "origin": [-1.4939, -5.98297, 2.11877]},
			"faces": {
				"north": {"uv": [0, 0, 0, 0.625], "texture": "#0"},
				"east": {"uv": [7, 8.5, 7.625, 9.125], "texture": "#0"},
				"south": {"uv": [0, 0, 0, 0.625], "texture": "#0"},
				"west": {"uv": [7.625, 8.5, 8.25, 9.125], "texture": "#0"},
				"up": {"uv": [0, 0.625, 0, 0], "texture": "#0"},
				"down": {"uv": [0, 0, 0, 0.625], "texture": "#0"}
			}
		}
	],
	"display": {
		"thirdperson_lefthand": {
			"rotation": [0, 145, 0],
			"translation": [0.25, 2, 0.75],
			"scale": [0.25, 0.25, 0.25]
		},
		"firstperson_righthand": {
			"rotation": [0, 145, 0],
			"translation": [2.75, 3.25, -3.25],
			"scale": [0.5, 0.5, 0.5]
		},
		"firstperson_lefthand": {
			"rotation": [0, 145, 0],
			"translation": [2.75, 3.25, -3.25],
			"scale": [0.5, 0.5, 0.5]
		},
		"ground": {
			"translation": [0, 0.25, 0],
			"scale": [0.5, 0.5, 0.5]
		},
		"gui": {
			"rotation": [45, 145, 0],
			"translation": [-0.5, 0, 0],
			"scale": [0.6, 0.6, 0.6]
		}
	},
	"groups": [
		{
			"name": "Pet Crate",
			"origin": [8, 8, 8],
			"color": 0,
			"children": [
				{
					"name": "Corners",
					"origin": [8, 8, 8],
					"color": 0,
					"children": [
						{
							"name": "Layer",
							"origin": [8, 8, 8],
							"color": 0,
							"children": [0, 1, 2, 3]
						},
						{
							"name": "Layer",
							"origin": [8, 8, 8],
							"color": 0,
							"children": [4, 5, 6, 7]
						}
					]
				},
				{
					"name": "Frame",
					"origin": [8, 8, 8],
					"color": 0,
					"children": [8, 9, 10, 11, 12, 13, 14, 15, 16, 17, 18, 19, 20, 21,
						{
							"name": "Inside",
							"origin": [8, 8, 8],
							"color": 0,
							"children": [22, 23]
						}
					]
				},
				{
					"name": "Cover",
					"origin": [8, 8, 8],
					"color": 0,
					"children": [
						{
							"name": "hexadecagon",
							"origin": [8, 8, 8],
							"color": 0,
							"children": [24, 25, 26, 27, 28, 29, 30, 31, 32, 33, 34, 35, 36, 37]
						},
						{
							"name": "hexadecagon",
							"origin": [8, 8, 8],
							"color": 0,
							"children": [38, 39, 40, 41, 42, 43, 44]
						},
						{
							"name": "hexadecagon",
							"origin": [8, 8, 8],
							"color": 0,
							"children": [45, 46, 47, 48, 49, 50, 51, 52, 53]
						}
					]
				},
				{
					"name": "Loot",
					"origin": [8, 8, 8],
					"color": 0,
					"children": [
						{
							"name": "Gems",
							"origin": [8, 8, 8],
							"color": 0,
							"children": [54, 55, 56, 57, 58, 59, 60, 61, 62]
						},
						{
							"name": "Coins",
							"origin": [8, 8, 8],
							"color": 0,
							"children": [63, 64, 65, 66, 67, 68, 69, 70, 71, 72, 73, 74, 75, 76, 77]
						},
						{
							"name": "Bones",
							"origin": [8, 8, 8],
							"color": 0,
							"children": [
								{
									"name": "Bone",
									"origin": [8, 8, 8],
									"color": 0,
									"children": [78, 79, 80, 81, 82]
								},
								{
									"name": "Bone",
									"origin": [8, 8, 8],
									"color": 0,
									"children": [83, 84, 85, 86, 87]
								},
								{
									"name": "Bone",
									"origin": [8, 8, 8],
									"color": 0,
									"children": [88, 89, 90, 91, 92]
								}
							]
						}
					]
				},
				{
					"name": "Foliage",
					"origin": [8, 8, 8],
					"color": 0,
					"children": [
						{
							"name": "Mushroom",
							"origin": [8, 8, 8],
							"color": 0,
							"children": [93, 94]
						},
						{
							"name": "Branches",
							"origin": [8, 8, 8],
							"color": 0,
							"children": [
								{
									"name": "Branch",
									"origin": [8, 8, 8],
									"color": 0,
									"children": [95, 96, 97, 98, 99]
								},
								{
									"name": "Branch",
									"origin": [8, 8, 8],
									"color": 0,
									"children": [100, 101, 102, 103, 104, 105, 106]
								}
							]
						}
					]
				}
			]
		}
	]
}