{
    "parent": "minecraft:block/torch",
    "overrides": [
      {
        "predicate": {
          "custom_model_data": 1
        },
        "model": "item/halloween/pumpkin_small"
      },
      {
        "predicate": {
          "custom_model_data": 2
        },
        "model": "item/halloween/pumpkin_large"
      },
      {
        "predicate": {
          "custom_model_data": 3
        },
        "model": "item/halloween/pumpkin_semi_huge"
      },
      {
        "predicate": {
          "custom_model_data": 4
        },
        "model": "item/halloween/pumpkin_huge"
      }
    ]
}