{
	"credit": "Made with Blockbench",
	"texture_size": [64, 64],
	"textures": {
		"0": "item/thanksgiving/turkey_alive",
		"particle": "item/thanksgiving/turkey_alive"
	},
	"elements": [
		{
			"from": [6.5, 0, 6.5],
			"to": [8.5, 1, 9.5],
			"rotation": {"angle": 0, "axis": "x", "origin": [8, 1.5, 8]},
			"faces": {
				"north": {"uv": [3.5, 10.5, 4, 10.75], "texture": "#0"},
				"east": {"uv": [1, 7.25, 1.75, 7.5], "texture": "#0"},
				"south": {"uv": [10.5, 3.5, 11, 3.75], "texture": "#0"},
				"west": {"uv": [10.25, 0.75, 11, 1], "texture": "#0"},
				"up": {"uv": [7, 9.25, 6.5, 8.5], "texture": "#0"},
				"down": {"uv": [7.5, 8.5, 7, 9.25], "texture": "#0"}
			}
		},
		{
			"from": [8.5, 0, 8.5],
			"to": [9.5, 1, 9.5],
			"rotation": {"angle": 0, "axis": "x", "origin": [8, 1.5, 8]},
			"faces": {
				"north": {"uv": [7.5, 11, 7.75, 11.25], "texture": "#0"},
				"east": {"uv": [11, 7.5, 11.25, 7.75], "texture": "#0"},
				"south": {"uv": [11, 7.75, 11.25, 8], "texture": "#0"},
				"west": {"uv": [8, 11, 8.25, 11.25], "texture": "#0"},
				"up": {"uv": [11.25, 8.25, 11, 8], "texture": "#0"},
				"down": {"uv": [8.5, 11, 8.25, 11.25], "texture": "#0"}
			}
		},
		{
			"from": [8.5, 0, 6.5],
			"to": [9.5, 1, 7.5],
			"rotation": {"angle": 0, "axis": "x", "origin": [8, 1.5, 8]},
			"faces": {
				"north": {"uv": [11, 9.5, 11.25, 9.75], "texture": "#0"},
				"east": {"uv": [9.75, 11, 10, 11.25], "texture": "#0"},
				"south": {"uv": [10, 11, 10.25, 11.25], "texture": "#0"},
				"west": {"uv": [10.25, 11, 10.5, 11.25], "texture": "#0"},
				"up": {"uv": [10.75, 11.25, 10.5, 11], "texture": "#0"},
				"down": {"uv": [11.25, 10.5, 11, 10.75], "texture": "#0"}
			}
		},
		{
			"from": [6.5, 1, 7.5],
			"to": [7.5, 4, 8.5],
			"rotation": {"angle": 0, "axis": "x", "origin": [8, 1.5, 8]},
			"faces": {
				"north": {"uv": [2.5, 10.25, 2.75, 11], "texture": "#0"},
				"east": {"uv": [2.75, 10.25, 3, 11], "texture": "#0"},
				"south": {"uv": [3, 10.25, 3.25, 11], "texture": "#0"},
				"west": {"uv": [10.25, 3, 10.5, 3.75], "texture": "#0"},
				"up": {"uv": [11.25, 2.75, 11, 2.5], "texture": "#0"},
				"down": {"uv": [3, 11, 2.75, 11.25], "texture": "#0"}
			}
		}
	],
	"display": {
		"thirdperson_righthand": {
			"rotation": [65.29, 90, 26],
			"translation": [0, -1.25, -1.75],
			"scale": [0.5, 0.5, 0.5]
		},
		"thirdperson_lefthand": {
			"rotation": [68, -90, -26],
			"translation": [0, -1.25, -1.75],
			"scale": [0.5, 0.5, 0.5]
		},
		"firstperson_righthand": {
			"rotation": [-180, -14.75, -180],
			"translation": [1.25, 2.5, 0],
			"scale": [0.5, 0.5, 0.5]
		},
		"firstperson_lefthand": {
			"rotation": [0, 14, 0],
			"translation": [1.25, 2.5, 0],
			"scale": [0.5, 0.5, 0.5]
		},
		"ground": {
			"translation": [0, 7.75, 0]
		},
		"gui": {
			"rotation": [26, -132, 0],
			"translation": [-0.5, -1.25, 0],
			"scale": [0.7, 0.7, 0.7]
		},
		"head": {
			"rotation": [0, 90, 0],
			"translation": [0, 22.4, 0],
			"scale": [2, 2, 2]
		},
		"fixed": {
			"rotation": [0, 90, 0],
			"translation": [0, -1.5, 0]
		}
	},
	"groups": [
		{
			"name": "RightFoot",
			"origin": [10.5, 11, 8.5],
			"color": 0,
			"nbt": "{}",
			"armAnimationEnabled": false,
			"children": [0, 1, 2, 3]
		}
	]
}