{
	"credit": "Made with Blockbench",
	"texture_size": [64, 64],
	"textures": {
		"0": "item/thanksgiving/turkey_alive",
		"particle": "item/thanksgiving/turkey_alive"
	},
	"elements": [
		{
			"from": [6.19889, 2.2, 6.5],
			"to": [9.19889, 2.7, 9.5],
			"rotation": {"angle": 0, "axis": "z", "origin": [7.78777, 4.2, 8]},
			"faces": {
				"north": {"uv": [10.75, 6, 11.5, 6.125], "texture": "#0"},
				"east": {"uv": [10.75, 6.25, 11.5, 6.375], "texture": "#0"},
				"south": {"uv": [6.5, 10.75, 7.25, 10.875], "texture": "#0"},
				"west": {"uv": [10.75, 6.5, 11.5, 6.625], "texture": "#0"},
				"up": {"uv": [2.5, 6, 1.75, 5.25], "texture": "#0"},
				"down": {"uv": [1.75, 6.5, 1, 7.25], "texture": "#0"}
			}
		},
		{
			"from": [5.69889, 2.7, 6],
			"to": [9.69889, 7.7, 10],
			"rotation": {"angle": 0, "axis": "z", "origin": [7.78777, 4.2, 8]},
			"faces": {
				"north": {"uv": [0, 6.5, 1, 7.75], "texture": "#0"},
				"east": {"uv": [7, 0, 8, 1.25], "texture": "#0"},
				"south": {"uv": [7, 1.25, 8, 2.5], "texture": "#0"},
				"west": {"uv": [5.75, 7, 6.75, 8.25], "texture": "#0"},
				"up": {"uv": [7.75, 8.5, 6.75, 7.5], "texture": "#0"},
				"down": {"uv": [1, 7.75, 0, 8.75], "texture": "#0"}
			}
		},
		{
			"from": [9.39889, 0.9, 7.2],
			"to": [9.79889, 2.7, 8.8],
			"rotation": {"angle": 0, "axis": "z", "origin": [7.78777, 4.2, 8]},
			"faces": {
				"north": {"uv": [1.5, 11.25, 1.625, 11.75], "texture": "#0"},
				"east": {"uv": [4, 10.25, 4.375, 10.75], "texture": "#0"},
				"south": {"uv": [2.5, 11.25, 2.625, 11.75], "texture": "#0"},
				"west": {"uv": [5.5, 10.25, 5.875, 10.75], "texture": "#0"},
				"up": {"uv": [1.375, 11.875, 1.25, 11.5], "texture": "#0"},
				"down": {"uv": [2.375, 11.5, 2.25, 11.875], "texture": "#0"}
			}
		},
		{
			"from": [9.79889, 0.9, 7.2],
			"to": [10.19889, 2.7, 8.5],
			"rotation": {"angle": 0, "axis": "z", "origin": [7.78777, 4.2, 8]},
			"faces": {
				"north": {"uv": [11.25, 2.5, 11.375, 3], "texture": "#0"},
				"east": {"uv": [10.25, 5.5, 10.625, 6], "texture": "#0"},
				"south": {"uv": [2.75, 11.25, 2.875, 11.75], "texture": "#0"},
				"west": {"uv": [6, 10.25, 6.375, 10.75], "texture": "#0"},
				"up": {"uv": [11.625, 2.875, 11.5, 2.5], "texture": "#0"},
				"down": {"uv": [11.625, 3, 11.5, 3.375], "texture": "#0"}
			}
		},
		{
			"from": [9.79889, 0.3, 7.2],
			"to": [10.19889, 0.9, 7.8],
			"rotation": {"angle": 0, "axis": "z", "origin": [7.78777, 4.2, 8]},
			"faces": {
				"north": {"uv": [11.75, 1.25, 11.875, 1.375], "texture": "#0"},
				"east": {"uv": [1.5, 11.75, 1.625, 11.875], "texture": "#0"},
				"south": {"uv": [11.75, 1.5, 11.875, 1.625], "texture": "#0"},
				"west": {"uv": [1.75, 11.75, 1.875, 11.875], "texture": "#0"},
				"up": {"uv": [11.875, 1.875, 11.75, 1.75], "texture": "#0"},
				"down": {"uv": [2.125, 11.75, 2, 11.875], "texture": "#0"}
			}
		},
		{
			"from": [9.79889, 1.9, 8.5],
			"to": [10.19889, 2.7, 9],
			"rotation": {"angle": 0, "axis": "z", "origin": [7.78777, 4.2, 8]},
			"faces": {
				"north": {"uv": [10, 11.5, 10.125, 11.75], "texture": "#0"},
				"east": {"uv": [10.25, 11.5, 10.375, 11.75], "texture": "#0"},
				"south": {"uv": [11.5, 10.25, 11.625, 10.5], "texture": "#0"},
				"west": {"uv": [10.5, 11.5, 10.625, 11.75], "texture": "#0"},
				"up": {"uv": [2.625, 11.875, 2.5, 11.75], "texture": "#0"},
				"down": {"uv": [11.875, 2.5, 11.75, 2.625], "texture": "#0"}
			}
		},
		{
			"from": [9.39889, 0.4, 8.8],
			"to": [9.79889, 2.2, 9.1],
			"rotation": {"angle": 0, "axis": "z", "origin": [7.78777, 4.2, 8]},
			"faces": {
				"north": {"uv": [3, 11.25, 3.125, 11.75], "texture": "#0"},
				"east": {"uv": [11.25, 3, 11.375, 3.5], "texture": "#0"},
				"south": {"uv": [3.25, 11.25, 3.375, 11.75], "texture": "#0"},
				"west": {"uv": [3.5, 11.25, 3.625, 11.75], "texture": "#0"},
				"up": {"uv": [2.875, 11.875, 2.75, 11.75], "texture": "#0"},
				"down": {"uv": [11.875, 2.75, 11.75, 2.875], "texture": "#0"}
			}
		},
		{
			"from": [9.39889, 0, 8],
			"to": [9.79889, 0.9, 8.8],
			"rotation": {"angle": 0, "axis": "z", "origin": [7.78777, 4.2, 8]},
			"faces": {
				"north": {"uv": [10.75, 11.5, 10.875, 11.75], "texture": "#0"},
				"east": {"uv": [11.25, 2, 11.5, 2.25], "texture": "#0"},
				"south": {"uv": [11.5, 10.75, 11.625, 11], "texture": "#0"},
				"west": {"uv": [11.25, 3.5, 11.5, 3.75], "texture": "#0"},
				"up": {"uv": [11.125, 11.75, 11, 11.5], "texture": "#0"},
				"down": {"uv": [11.375, 11.5, 11.25, 11.75], "texture": "#0"}
			}
		},
		{
			"from": [10.00111, 6.81959, 6.9894],
			"to": [11.00111, 7.11959, 8.9894],
			"rotation": {"angle": 0, "axis": "z", "origin": [7.78777, 4.2, 8]},
			"faces": {
				"north": {"uv": [0, 11.75, 0.25, 11.875], "texture": "#0"},
				"east": {"uv": [10.625, 3, 11.125, 3.125], "texture": "#0"},
				"south": {"uv": [11.75, 0, 12, 0.125], "texture": "#0"},
				"west": {"uv": [4.25, 11.25, 4.75, 11.375], "texture": "#0"},
				"up": {"uv": [9.25, 11, 9, 10.5], "texture": "#0"},
				"down": {"uv": [9.25, 9.875, 9, 10.375], "texture": "#0"}
			}
		},
		{
			"from": [10.36584, 3.30503, 7.5],
			"to": [10.66584, 6.30503, 8.5],
			"rotation": {"angle": 22.5, "axis": "z", "origin": [7.78777, 4.2, 8]},
			"faces": {
				"north": {"uv": [11.25, 4, 11.75, 4.125], "rotation": 270, "texture": "#0"},
				"east": {"uv": [9, 11, 8.75, 10.5], "texture": "#0"},
				"south": {"uv": [4.25, 11.25, 4.75, 11.375], "rotation": 90, "texture": "#0"},
				"west": {"uv": [9.25, 10.5, 9, 11], "rotation": 180, "texture": "#0"},
				"up": {"uv": [0, 11.75, 0.25, 11.875], "rotation": 90, "texture": "#0"},
				"down": {"uv": [11.75, 0, 12, 0.125], "rotation": 90, "texture": "#0"}
			}
		},
		{
			"from": [9.96417, 6.71959, 6.97366],
			"to": [10.96417, 7.01959, 8.97366],
			"rotation": {"angle": 0, "axis": "z", "origin": [7.78777, 4.2, 8]},
			"faces": {
				"north": {"uv": [0.25, 11.75, 0.5, 11.875], "texture": "#0"},
				"east": {"uv": [7.75, 11.25, 8.25, 11.375], "texture": "#0"},
				"south": {"uv": [11.75, 0.25, 12, 0.375], "texture": "#0"},
				"west": {"uv": [11.25, 7.75, 11.75, 7.875], "texture": "#0"},
				"up": {"uv": [9.5, 11, 9.25, 10.5], "texture": "#0"},
				"down": {"uv": [10.75, 9.25, 10.5, 9.75], "texture": "#0"}
			}
		},
		{
			"from": [6.69889, 7.7, 6.5],
			"to": [8.69889, 8.2, 9.5],
			"rotation": {"angle": 0, "axis": "z", "origin": [7.78777, 4.2, 8]},
			"faces": {
				"north": {"uv": [11.25, 4.25, 11.75, 4.375], "texture": "#0"},
				"east": {"uv": [10.25, 10.75, 11, 10.875], "texture": "#0"},
				"south": {"uv": [11.25, 4.5, 11.75, 4.625], "texture": "#0"},
				"west": {"uv": [10.75, 10.25, 11.5, 10.375], "texture": "#0"},
				"up": {"uv": [9, 10, 8.5, 9.25], "texture": "#0"},
				"down": {"uv": [9.5, 9.25, 9, 10], "texture": "#0"}
			}
		},
		{
			"from": [5.24889, 4.65, 6.5],
			"to": [5.74889, 6.65, 9.5],
			"rotation": {"angle": 0, "axis": "z", "origin": [7.78777, 4.2, 8]},
			"faces": {
				"north": {"uv": [11.25, 4.25, 11.75, 4.375], "rotation": 90, "texture": "#0"},
				"east": {"uv": [9.5, 9.25, 9, 10], "rotation": 270, "texture": "#0"},
				"south": {"uv": [11.25, 4.5, 11.75, 4.625], "rotation": 270, "texture": "#0"},
				"west": {"uv": [9, 10, 8.5, 9.25], "rotation": 270, "texture": "#0"},
				"up": {"uv": [10.25, 10.75, 11, 10.875], "rotation": 270, "texture": "#0"},
				"down": {"uv": [10.75, 10.25, 11.5, 10.375], "rotation": 270, "texture": "#0"}
			}
		},
		{
			"from": [5.99889, 4.2, 10],
			"to": [7.99889, 7.2, 10.5],
			"rotation": {"angle": 0, "axis": "z", "origin": [7.78777, 4.2, 8]},
			"faces": {
				"north": {"uv": [0, 9.5, 0.5, 10.25], "texture": "#0"},
				"east": {"uv": [0, 11, 0.125, 11.75], "texture": "#0"},
				"south": {"uv": [0.5, 9.5, 1, 10.25], "texture": "#0"},
				"west": {"uv": [11, 0, 11.125, 0.75], "texture": "#0"},
				"up": {"uv": [5.25, 11.375, 4.75, 11.25], "texture": "#0"},
				"down": {"uv": [11.75, 5, 11.25, 5.125], "texture": "#0"}
			}
		},
		{
			"from": [5.99889, 4.2, 5.5],
			"to": [7.99889, 7.2, 6],
			"rotation": {"angle": 0, "axis": "z", "origin": [7.78777, 4.2, 8]},
			"faces": {
				"north": {"uv": [1, 9.5, 1.5, 10.25], "texture": "#0"},
				"east": {"uv": [0.25, 11, 0.375, 11.75], "texture": "#0"},
				"south": {"uv": [9.5, 1, 10, 1.75], "texture": "#0"},
				"west": {"uv": [0.5, 11, 0.625, 11.75], "texture": "#0"},
				"up": {"uv": [5.75, 11.375, 5.25, 11.25], "texture": "#0"},
				"down": {"uv": [11.75, 5.25, 11.25, 5.375], "texture": "#0"}
			}
		},
		{
			"from": [5.99889, 4.7, 5],
			"to": [7.99889, 6.7, 5.5],
			"rotation": {"angle": 0, "axis": "z", "origin": [7.78777, 4.2, 8]},
			"faces": {
				"north": {"uv": [10, 8, 10.5, 8.5], "texture": "#0"},
				"east": {"uv": [5.75, 11.25, 5.875, 11.75], "texture": "#0"},
				"south": {"uv": [8.5, 10, 9, 10.5], "texture": "#0"},
				"west": {"uv": [6, 11.25, 6.125, 11.75], "texture": "#0"},
				"up": {"uv": [6.75, 11.375, 6.25, 11.25], "texture": "#0"},
				"down": {"uv": [7.25, 11.25, 6.75, 11.375], "texture": "#0"}
			}
		},
		{
			"from": [5.99889, 4.7, 10.5],
			"to": [7.99889, 6.7, 11],
			"rotation": {"angle": 0, "axis": "z", "origin": [7.78777, 4.2, 8]},
			"faces": {
				"north": {"uv": [9, 10, 9.5, 10.5], "texture": "#0"},
				"east": {"uv": [7.25, 11.25, 7.375, 11.75], "texture": "#0"},
				"south": {"uv": [10, 9.25, 10.5, 9.75], "texture": "#0"},
				"west": {"uv": [7.5, 11.25, 7.625, 11.75], "texture": "#0"},
				"up": {"uv": [11.75, 6.875, 11.25, 6.75], "texture": "#0"},
				"down": {"uv": [11.75, 7.5, 11.25, 7.625], "texture": "#0"}
			}
		}
	],
	"display": {
		"thirdperson_righthand": {
			"rotation": [65.29, 90, 26],
			"translation": [0, -1.25, -1.75],
			"scale": [0.5, 0.5, 0.5]
		},
		"thirdperson_lefthand": {
			"rotation": [68, -90, -26],
			"translation": [0, -1.25, -1.75],
			"scale": [0.5, 0.5, 0.5]
		},
		"firstperson_righthand": {
			"rotation": [-180, -14.75, -180],
			"translation": [1.25, 2.5, 0],
			"scale": [0.5, 0.5, 0.5]
		},
		"firstperson_lefthand": {
			"rotation": [0, 14, 0],
			"translation": [1.25, 2.5, 0],
			"scale": [0.5, 0.5, 0.5]
		},
		"ground": {
			"translation": [0, 7.75, 0]
		},
		"gui": {
			"rotation": [26, -132, 0],
			"translation": [-0.5, -1.25, 0],
			"scale": [0.7, 0.7, 0.7]
		},
		"head": {
			"rotation": [0, 90, 0],
			"translation": [0, 22.4, 0],
			"scale": [2, 2, 2]
		},
		"fixed": {
			"rotation": [0, 90, 0],
			"translation": [0, -1.5, 0]
		}
	},
	"groups": [
		{
			"name": "Head_New",
			"origin": [15.49889, -4.775, 4.8],
			"color": 0,
			"nbt": "{}",
			"armAnimationEnabled": false,
			"children": [0, 1, 2, 3, 4, 5, 6, 7, 8, 9, 10, 11, 12, 13, 14, 15, 16]
		}
	]
}