{
	"credit": "Made with Blockbench",
	"texture_size": [64, 64],
	"textures": {
		"0": "item/thanksgiving/turkey_alive",
		"particle": "item/thanksgiving/turkey_alive"
	},
	"elements": [
		{
			"from": [3, 8, 4],
			"to": [13, 11, 12],
			"rotation": {"angle": 0, "axis": "y", "origin": [8, 9.5, 8]},
			"faces": {
				"north": {"uv": [8.25, 5, 10.25, 5.25], "texture": "#0"},
				"east": {"uv": [6, 9.25, 7.5, 9.5], "texture": "#0"},
				"south": {"uv": [8.25, 5.25, 10.25, 5.5], "texture": "#0"},
				"west": {"uv": [9.25, 6, 10.75, 6.25], "texture": "#0"},
				"up": {"uv": [7, 3.25, 5, 1.75], "texture": "#0"},
				"down": {"uv": [6.25, 5.25, 4.25, 6.75], "texture": "#0"}
			}
		},
		{
			"from": [3, 0, 4],
			"to": [13, 3, 12],
			"rotation": {"angle": 0, "axis": "y", "origin": [8, 1.5, 8]},
			"faces": {
				"north": {"uv": [8.25, 5.5, 10.25, 5.75], "texture": "#0"},
				"east": {"uv": [9.25, 6.25, 10.75, 6.5], "texture": "#0"},
				"south": {"uv": [8.25, 5.75, 10.25, 6], "texture": "#0"},
				"west": {"uv": [9.25, 6.5, 10.75, 6.75], "texture": "#0"},
				"up": {"uv": [3.75, 7.5, 1.75, 6], "texture": "#0"},
				"down": {"uv": [8.25, 3.25, 6.25, 4.75], "texture": "#0"}
			}
		},
		{
			"from": [2.5, 1.5, 3.5],
			"to": [13.5, 9.5, 12.5],
			"rotation": {"angle": 0, "axis": "y", "origin": [8, 5.5, 8]},
			"faces": {
				"north": {"uv": [2.5, 0, 5, 1.75], "texture": "#0"},
				"east": {"uv": [4.25, 3.5, 6.25, 5.25], "texture": "#0"},
				"south": {"uv": [2.5, 1.75, 5, 3.5], "texture": "#0"},
				"west": {"uv": [5, 0, 7, 1.75], "texture": "#0"},
				"up": {"uv": [2.5, 2, 0, 0], "texture": "#0"},
				"down": {"uv": [2.5, 2, 0, 4], "texture": "#0"}
			}
		}
	],
	"display": {
		"thirdperson_righthand": {
			"rotation": [65.29, 90, 26],
			"translation": [0, -1.25, -1.75],
			"scale": [0.5, 0.5, 0.5]
		},
		"thirdperson_lefthand": {
			"rotation": [68, -90, -26],
			"translation": [0, -1.25, -1.75],
			"scale": [0.5, 0.5, 0.5]
		},
		"firstperson_righthand": {
			"rotation": [-180, -14.75, -180],
			"translation": [1.25, 2.5, 0],
			"scale": [0.5, 0.5, 0.5]
		},
		"firstperson_lefthand": {
			"rotation": [0, 14, 0],
			"translation": [1.25, 2.5, 0],
			"scale": [0.5, 0.5, 0.5]
		},
		"ground": {
			"translation": [0, 7.75, 0]
		},
		"gui": {
			"rotation": [26, -132, 0],
			"translation": [-0.5, -1.25, 0],
			"scale": [0.7, 0.7, 0.7]
		},
		"head": {
			"rotation": [0, 90, 0],
			"translation": [0, 22.4, 0],
			"scale": [2, 2, 2]
		},
		"fixed": {
			"rotation": [0, 90, 0],
			"translation": [0, -1.5, 0]
		}
	},
	"groups": [
		{
			"name": "Body",
			"origin": [8, 6, 8],
			"color": 0,
			"nbt": "{}",
			"armAnimationEnabled": false,
			"children": [0, 1, 2]
		}
	]
}