{
	"credit": "Made with Blockbench",
	"texture_size": [64, 64],
	"textures": {
		"0": "item/thanksgiving/turkey_alive",
		"particle": "item/thanksgiving/turkey_alive"
	},
	"elements": [
		{
			"from": [6.95, 3.7625, 7],
			"to": [14.95, 6.7625, 9],
			"rotation": {"angle": 0, "axis": "x", "origin": [8, 4, 8]},
			"faces": {
				"north": {"uv": [6.25, 4.75, 8.25, 5.5], "texture": "#0"},
				"east": {"uv": [3.75, 6, 4.25, 6.75], "texture": "#0"},
				"south": {"uv": [6.25, 5.5, 8.25, 6.25], "texture": "#0"},
				"west": {"uv": [2.75, 8.5, 3.25, 9.25], "texture": "#0"},
				"up": {"uv": [9, 3, 7, 2.5], "texture": "#0"},
				"down": {"uv": [8.75, 7, 6.75, 7.5], "texture": "#0"}
			}
		},
		{
			"from": [8.45, 6.7625, 7],
			"to": [13.95, 7.5125, 9],
			"rotation": {"angle": 0, "axis": "x", "origin": [8, 4, 8]},
			"faces": {
				"north": {"uv": [9.25, 6.75, 10.625, 7], "texture": "#0"},
				"east": {"uv": [10.5, 0.25, 11, 0.5], "texture": "#0"},
				"south": {"uv": [1.5, 9.5, 2.875, 9.75], "texture": "#0"},
				"west": {"uv": [10.5, 0.5, 11, 0.75], "texture": "#0"},
				"up": {"uv": [9.375, 1.5, 8, 1], "texture": "#0"},
				"down": {"uv": [9.375, 1.5, 8, 2], "texture": "#0"}
			}
		},
		{
			"from": [6.95, 2.7625, 7.1],
			"to": [13.95, 3.7625, 8.9],
			"rotation": {"angle": 0, "axis": "x", "origin": [8, 4, 8]},
			"faces": {
				"north": {"uv": [8.25, 8, 10, 8.25], "texture": "#0"},
				"east": {"uv": [5.75, 6.75, 6.25, 7], "texture": "#0"},
				"south": {"uv": [8.25, 8.25, 10, 8.5], "texture": "#0"},
				"west": {"uv": [10.5, 0, 11, 0.25], "texture": "#0"},
				"up": {"uv": [9.5, 8, 7.75, 7.5], "texture": "#0"},
				"down": {"uv": [9.75, 0, 8, 0.5], "texture": "#0"}
			}
		},
		{
			"from": [6.95, 1.7625, 7.2],
			"to": [12.95, 2.7625, 8.8],
			"rotation": {"angle": 0, "axis": "x", "origin": [8, 4, 8]},
			"faces": {
				"north": {"uv": [0, 9, 1.5, 9.25], "texture": "#0"},
				"east": {"uv": [3.75, 10.75, 4.125, 11], "texture": "#0"},
				"south": {"uv": [9, 2.5, 10.5, 2.75], "texture": "#0"},
				"west": {"uv": [4.25, 10.75, 4.625, 11], "texture": "#0"},
				"up": {"uv": [9.75, 3.375, 8.25, 3], "texture": "#0"},
				"down": {"uv": [9.75, 3.5, 8.25, 3.875], "texture": "#0"}
			}
		},
		{
			"from": [5.95, 1.7625, 7.2],
			"to": [6.95, 4.7625, 8.8],
			"rotation": {"angle": 0, "axis": "x", "origin": [8, 4, 8]},
			"faces": {
				"north": {"uv": [10, 10, 10.25, 10.75], "texture": "#0"},
				"east": {"uv": [5.5, 9.5, 5.875, 10.25], "texture": "#0"},
				"south": {"uv": [0, 10.25, 0.25, 11], "texture": "#0"},
				"west": {"uv": [6, 9.5, 6.375, 10.25], "texture": "#0"},
				"up": {"uv": [11, 3.375, 10.75, 3], "texture": "#0"},
				"down": {"uv": [3.75, 10.75, 3.5, 11.125], "texture": "#0"}
			}
		},
		{
			"from": [4.95, 0.2625, 7.4],
			"to": [5.95, 3.2625, 8.6],
			"rotation": {"angle": 0, "axis": "x", "origin": [8, 4, 8]},
			"faces": {
				"north": {"uv": [2.25, 4, 2.5, 4.75], "texture": "#0"},
				"east": {"uv": [5.5, 7.5, 5.75, 8.25], "texture": "#0"},
				"south": {"uv": [4.75, 8, 5, 8.75], "texture": "#0"},
				"west": {"uv": [7.5, 8.5, 7.75, 9.25], "texture": "#0"},
				"up": {"uv": [1.25, 11.25, 1, 11], "texture": "#0"},
				"down": {"uv": [1.5, 11, 1.25, 11.25], "texture": "#0"}
			}
		},
		{
			"from": [4.65, -0.0375, 7.5],
			"to": [4.95, 1.7625, 8.5],
			"rotation": {"angle": 0, "axis": "x", "origin": [8, 4, 8]},
			"faces": {
				"north": {"uv": [0.75, 11, 0.875, 11.5], "texture": "#0"},
				"east": {"uv": [2.25, 4.75, 2.5, 5.25], "texture": "#0"},
				"south": {"uv": [11, 0.75, 11.125, 1.25], "texture": "#0"},
				"west": {"uv": [5.25, 8.75, 5.5, 9.25], "texture": "#0"},
				"up": {"uv": [11.625, 5, 11.5, 4.75], "texture": "#0"},
				"down": {"uv": [6.375, 11.5, 6.25, 11.75], "texture": "#0"}
			}
		},
		{
			"from": [5.95, 0.9625, 7.4],
			"to": [11.95, 1.7625, 8.6],
			"rotation": {"angle": 0, "axis": "x", "origin": [8, 4, 8]},
			"faces": {
				"north": {"uv": [0, 8.75, 1.5, 9], "texture": "#0"},
				"east": {"uv": [6.5, 8.25, 6.75, 8.5], "texture": "#0"},
				"south": {"uv": [8.75, 7, 10.25, 7.25], "texture": "#0"},
				"west": {"uv": [10.75, 10.5, 11, 10.75], "texture": "#0"},
				"up": {"uv": [10.25, 7.5, 8.75, 7.25], "texture": "#0"},
				"down": {"uv": [9.75, 8.75, 8.25, 9], "texture": "#0"}
			}
		}
	],
	"display": {
		"thirdperson_righthand": {
			"rotation": [65.29, 90, 26],
			"translation": [0, -1.25, -1.75],
			"scale": [0.5, 0.5, 0.5]
		},
		"thirdperson_lefthand": {
			"rotation": [68, -90, -26],
			"translation": [0, -1.25, -1.75],
			"scale": [0.5, 0.5, 0.5]
		},
		"firstperson_righthand": {
			"rotation": [-180, -14.75, -180],
			"translation": [1.25, 2.5, 0],
			"scale": [0.5, 0.5, 0.5]
		},
		"firstperson_lefthand": {
			"rotation": [0, 14, 0],
			"translation": [1.25, 2.5, 0],
			"scale": [0.5, 0.5, 0.5]
		},
		"ground": {
			"translation": [0, 7.75, 0]
		},
		"gui": {
			"rotation": [26, -132, 0],
			"translation": [-0.5, -1.25, 0],
			"scale": [0.7, 0.7, 0.7]
		},
		"head": {
			"rotation": [0, 90, 0],
			"translation": [0, 22.4, 0],
			"scale": [2, 2, 2]
		},
		"fixed": {
			"rotation": [0, 90, 0],
			"translation": [0, -1.5, 0]
		}
	},
	"groups": [
		{
			"name": "Wing",
			"origin": [6.75, 1.08552, 3.05556],
			"color": 0,
			"nbt": "{}",
			"armAnimationEnabled": false,
			"children": [0, 1, 2, 3, 4, 5, 6, 7]
		}
	]
}