{
	"credit": "Made with Blockbench",
	"texture_size": [32, 32],
	"textures": {
		"0": "item/thanksgiving/pilgrim_hat",
		"particle": "item/thanksgiving/pilgrim_hat"
	},
	"elements": [
		{
			"from": [6.5, 4.5, 6.5],
			"to": [9.5, 6.5, 9.5],
			"rotation": {"angle": 0, "axis": "y", "origin": [8, 2.875, 8]},
			"faces": {
				"north": {"uv": [8, 5, 9.5, 6], "texture": "#0"},
				"east": {"uv": [8, 6, 9.5, 7], "texture": "#0"},
				"south": {"uv": [7, 8, 8.5, 9], "texture": "#0"},
				"west": {"uv": [4, 8.5, 5.5, 9.5], "texture": "#0"},
				"up": {"uv": [5.5, 8.5, 4, 7], "texture": "#0"},
				"down": {"uv": [7, 7, 5.5, 8.5], "texture": "#0"}
			}
		},
		{
			"from": [6, 2.5, 6],
			"to": [10, 4.5, 10],
			"rotation": {"angle": 0, "axis": "y", "origin": [8, 2.875, 8]},
			"faces": {
				"north": {"uv": [6.5, 4, 8.5, 5], "texture": "#0"},
				"east": {"uv": [7, 7, 9, 8], "texture": "#0"},
				"south": {"uv": [0, 8, 2, 9], "texture": "#0"},
				"west": {"uv": [2, 8, 4, 9], "texture": "#0"},
				"up": {"uv": [6, 7, 4, 5], "texture": "#0"},
				"down": {"uv": [8, 5, 6, 7], "texture": "#0"}
			}
		},
		{
			"from": [5.5, 0.5, 5.5],
			"to": [10.5, 2.5, 10.5],
			"rotation": {"angle": 0, "axis": "y", "origin": [8, 2.875, 8]},
			"faces": {
				"north": {"uv": [6.5, 0, 9, 1], "texture": "#0"},
				"east": {"uv": [6.5, 1, 9, 2], "texture": "#0"},
				"south": {"uv": [6.5, 2, 9, 3], "texture": "#0"},
				"west": {"uv": [6.5, 3, 9, 4], "texture": "#0"},
				"up": {"uv": [6.5, 2.5, 4, 0], "texture": "#0"},
				"down": {"uv": [6.5, 2.5, 4, 5], "texture": "#0"}
			}
		},
		{
			"from": [4, 0, 4],
			"to": [12, 0.5, 12],
			"rotation": {"angle": 0, "axis": "y", "origin": [8, 2.875, 8]},
			"faces": {
				"north": {"uv": [8.5, 4, 12.5, 4.25], "texture": "#0"},
				"east": {"uv": [8.5, 4.5, 12.5, 4.75], "texture": "#0"},
				"south": {"uv": [8.5, 8, 12.5, 8.25], "texture": "#0"},
				"west": {"uv": [8.5, 8.5, 12.5, 8.75], "texture": "#0"},
				"up": {"uv": [4, 4, 0, 0], "texture": "#0"},
				"down": {"uv": [4, 4, 0, 8], "texture": "#0"}
			}
		}
	],
	"display": {
		"thirdperson_righthand": {
			"rotation": [90, 0, 0],
			"translation": [0, -1.5, 1.75]
		},
		"thirdperson_lefthand": {
			"rotation": [90, 0, 0],
			"translation": [0, -1.5, 1.75]
		},
		"firstperson_righthand": {
			"translation": [0, 10.5, 0]
		},
		"ground": {
			"translation": [0, 7.5, 0]
		},
		"gui": {
			"rotation": [-158.75, 36.75, 180],
			"translation": [0, 5.75, 0],
			"scale": [1.2, 1.2, 1.2]
		},
		"head": {
			"translation": [0, 24.25, 0],
			"scale": [2.75, 2.75, 2.75]
		}
	},
	"groups": [
		{
			"name": "Hat",
			"origin": [8, 2.875, 8],
			"color": 0,
			"nbt": "{}",
			"armAnimationEnabled": false,
			"children": [0, 1, 2, 3]
		}
	]
}